timestamp,body,otelTraceSampled,code.lineno,code.filepath,code.function,otelServiceName,otelSpanID,otelTraceID,id,k8s.deployment.name,k8s.namespace.name,k8s.node.name,k8s.pod.ip,k8s.pod.name,k8s.pod.start_time,k8s.pod.uid,service.name,telemetry.auto.version,telemetry.sdk.language,telemetry.sdk.name,telemetry.sdk.version,scope_name,scope_version,severity_number,severity_text,span_id,trace_flags,trace_id
2025-05-30 00:12:38.607,[SlashGPTServer][inference] Response time: 29.37430191040039,true,103,/app/server.py,inference,bp-runner,5f3cdca030220ec5,04a540be3acdd6b72656be3047a4689b,0gnL58gDf110TH9RtKR9MmfwEIL,bp-runner,prod,ip-192-168-54-106.us-west-2.compute.internal,192.168.51.172,bp-runner-d5c86fcfd-xl7tk,2025-02-17T20:12:12Z,10a2f8a4-e9a6-4aee-b8e1-ad293a4fbef0,bp-runner,0.51b0,python,opentelemetry,1.30.0,__main__,,9,INFO,5f3cdca030220ec5,1,04a540be3acdd6b72656be3047a4689b
2025-05-30 00:12:38.607,"[BPAgent][run_proc] Output for Chat: ### Demonstrate
You asked for the top 10 SKUs among ""Women Shorts"" that were launched in February, ranked by their total sales. This involves identifying SKUs within the ""Women Shorts"" subgroup, filtering for products launched in February, and then ranking them by their total sales in descending order.

### Explain
The process to determine the top 10 SKUs is as follows:
1. Filter the dataset to include only rows where `product_subgroup_desc` is ""WOMENS SHORTS.""
2. Further filter the data to include only products with a `product_launch_date` in February.
3. Group the data by `sku_id`, `style_color_description`, and `size_code` to aggregate the total `sales` for each SKU.
4. Sort the SKUs by their total `sales` in descending order.
5. Select the top 10 SKUs based on their sales.

### Document
The provided input data represents the result of the above process. It includes the top 10 SKUs for ""Women Shorts"" launched in February, ranked by their total sales. The columns displayed are:
- `sku_id`: Unique identifier for each SKU.
- `style_color_description`: Description of the style and color of the product.
- `size_code`: Size of the product.
- `sales`: Total units sold for the SKU.

### Answer
Below is the table of the top 10 SKUs among ""Women Shorts"" launched in February, ranked by sales:

|   SKU ID | Style Color Description   | Size Code | Sales |
|----------|---------------------------|-----------|-------|
|  5216773 | Style Option 20082        | 2         | 1325  |
|  5216765 | Style Option 20082        | 0         | 393   |
|  5218631 | Style Option 20101        | 14        | 190   |
|  5197926 | Style Option 19921        | 14        | 130   |
|  5270941 | Style Option 20828        | 6         | 40    |
|  5270940 | Style Option 20828        | 4         | 28    |
|  5270942 | Style Option 20828        | 8         | 22    |
|  5270930 | Style Option 20828        | 10        | 21    |
|  5270931 | Style Option 20828        | 12        | 12    |
|  5270935 | Style Option 20828        | 2         | 12    |

This table shows the SKUs, their style-color descriptions, sizes, and total sales. The SKU with the highest sales is **5216773 (Style Option 20082, Size 2)** with 1,325 units sold.",true,93,/app/server.py,inference,bp-runner,4531b8fd5ad78004,04a540be3acdd6b72656be3047a4689b,0gnL58gATtVLpSLRI8og8c5EKDp,bp-runner,prod,ip-192-168-54-106.us-west-2.compute.internal,192.168.51.172,bp-runner-d5c86fcfd-xl7tk,2025-02-17T20:12:12Z,10a2f8a4-e9a6-4aee-b8e1-ad293a4fbef0,bp-runner,0.51b0,python,opentelemetry,1.30.0,__main__,,9,INFO,4531b8fd5ad78004,1,04a540be3acdd6b72656be3047a4689b
2025-05-30 00:12:26.879,"[Assistant][call_llm] Received question: [Context query: What are the top 10 SKUs among Women Shorts that were launched in February?] [Current input: |   sku_id | style_color_description   |   size_code |   sales |
|---------:|:--------------------------|------------:|--------:|
|  5216773 | Style Option 20082        |           2 |    1325 |
|  5216765 | Style Option 20082        |           0 |     393 |
|  5218631 | Style Option 20101        |          14 |     190 |
|  5197926 | Style Option 19921        |          14 |     130 |
|  5270941 | Style Option 20828        |           6 |      40 |
|  5270940 | Style Option 20828        |           4 |      28 |
|  5270942 | Style Option 20828        |           8 |      22 |
|  5270930 | Style Option 20828        |          10 |      21 |
|  5270931 | Style Option 20828        |          12 |      12 |
|  5270935 | Style Option 20828        |           2 |      12 |]",true,93,/app/server.py,inference,bp-runner,c3379448aeb6a0ce,04a540be3acdd6b72656be3047a4689b,0gnL4nP7oA1MxFnxLwZN0tAT0DI,bp-runner,prod,ip-192-168-54-106.us-west-2.compute.internal,192.168.51.172,bp-runner-d5c86fcfd-xl7tk,2025-02-17T20:12:12Z,10a2f8a4-e9a6-4aee-b8e1-ad293a4fbef0,bp-runner,0.51b0,python,opentelemetry,1.30.0,__main__,,9,INFO,c3379448aeb6a0ce,1,04a540be3acdd6b72656be3047a4689b
2025-05-30 00:12:25.963,[BPAgent][run_proc] Running step: Chat,true,93,/app/server.py,inference,bp-runner,4531b8fd5ad78004,04a540be3acdd6b72656be3047a4689b,0gnL4lk4kRck1WUKLiB5eDYMuVe,bp-runner,prod,ip-192-168-54-106.us-west-2.compute.internal,192.168.51.172,bp-runner-d5c86fcfd-xl7tk,2025-02-17T20:12:12Z,10a2f8a4-e9a6-4aee-b8e1-ad293a4fbef0,bp-runner,0.51b0,python,opentelemetry,1.30.0,__main__,,9,INFO,4531b8fd5ad78004,1,04a540be3acdd6b72656be3047a4689b
2025-05-30 00:12:25.962,"[BPAgent][run_proc] Output for DF to MD: |   sku_id | style_color_description   |   size_code |   sales |
|---------:|:--------------------------|------------:|--------:|
|  5216773 | Style Option 20082        |           2 |    1325 |
|  5216765 | Style Option 20082        |           0 |     393 |
|  5218631 | Style Option 20101        |          14 |     190 |
|  5197926 | Style Option 19921        |          14 |     130 |
|  5270941 | Style Option 20828        |           6 |      40 |
|  5270940 | Style Option 20828        |           4 |      28 |
|  5270942 | Style Option 20828        |           8 |      22 |
|  5270930 | Style Option 20828        |          10 |      21 |
|  5270931 | Style Option 20828        |          12 |      12 |
|  5270935 | Style Option 20828        |           2 |      12 |",true,93,/app/server.py,inference,bp-runner,4531b8fd5ad78004,04a540be3acdd6b72656be3047a4689b,0gnL4lk1SEv20h1BpOI9pGl5Zqs,bp-runner,prod,ip-192-168-54-106.us-west-2.compute.internal,192.168.51.172,bp-runner-d5c86fcfd-xl7tk,2025-02-17T20:12:12Z,10a2f8a4-e9a6-4aee-b8e1-ad293a4fbef0,bp-runner,0.51b0,python,opentelemetry,1.30.0,__main__,,9,INFO,4531b8fd5ad78004,1,04a540be3acdd6b72656be3047a4689b
2025-05-30 00:12:24.643,[BPAgent][run_proc] Running step: DF to MD,true,93,/app/server.py,inference,bp-runner,4531b8fd5ad78004,04a540be3acdd6b72656be3047a4689b,0gnL4jLbcFarMd4wCTzTkjlUmIC,bp-runner,prod,ip-192-168-54-106.us-west-2.compute.internal,192.168.51.172,bp-runner-d5c86fcfd-xl7tk,2025-02-17T20:12:12Z,10a2f8a4-e9a6-4aee-b8e1-ad293a4fbef0,bp-runner,0.51b0,python,opentelemetry,1.30.0,__main__,,9,INFO,4531b8fd5ad78004,1,04a540be3acdd6b72656be3047a4689b
2025-05-30 00:12:24.638,[BPAgent][run_proc] Uploaded generated_code.txt to S3...,true,93,/app/server.py,inference,bp-runner,4531b8fd5ad78004,04a540be3acdd6b72656be3047a4689b,0gnL4jL4yM7YcwiOLjlvlxYoPlF,bp-runner,prod,ip-192-168-54-106.us-west-2.compute.internal,192.168.51.172,bp-runner-d5c86fcfd-xl7tk,2025-02-17T20:12:12Z,10a2f8a4-e9a6-4aee-b8e1-ad293a4fbef0,bp-runner,0.51b0,python,opentelemetry,1.30.0,__main__,,9,INFO,4531b8fd5ad78004,1,04a540be3acdd6b72656be3047a4689b
2025-05-30 00:12:24.542,"[BPAgent][run_proc] Output for Generate Code:      sku_id style_color_description  size_code  sales
2   5216773      Style Option 20082          2   1325
1   5216765      Style Option 20082          0    393
3   5218631      Style Option 20101         14    190
0   5197926      Style Option 19921         14    130
12  5270941      Style Option 20828          6     40
11  5270940      Style Option 20828          4     28
13  5270942      Style Option 20828          8     22
7   5270930      Style Option 20828         10     21
8   5270931      Style Option 20828         12     12
10  5270935      Style Option 20828          2     12",true,93,/app/server.py,inference,bp-runner,4531b8fd5ad78004,04a540be3acdd6b72656be3047a4689b,0gnL4jAKL0wSl2h5NWBvrdVMUYG,bp-runner,prod,ip-192-168-54-106.us-west-2.compute.internal,192.168.51.172,bp-runner-d5c86fcfd-xl7tk,2025-02-17T20:12:12Z,10a2f8a4-e9a6-4aee-b8e1-ad293a4fbef0,bp-runner,0.51b0,python,opentelemetry,1.30.0,__main__,,9,INFO,4531b8fd5ad78004,1,04a540be3acdd6b72656be3047a4689b
2025-05-30 00:12:17.453,"Invalid type NoneType for attribute 'tne.orchestration.step_name' value. Expected one of ['bool', 'str', 'bytes', 'int', 'float'] or a sequence of those types",true,100,/opt/.venv/lib/python3.11/site-packages/opentelemetry/attributes/__init__.py,_clean_attribute,bp-runner,896d00452ea2fdf2,04a540be3acdd6b72656be3047a4689b,0gnL4WJ16y0lWj3rPYEb1kgKqc6,bp-runner,prod,ip-192-168-54-106.us-west-2.compute.internal,192.168.51.172,bp-runner-d5c86fcfd-xl7tk,2025-02-17T20:12:12Z,10a2f8a4-e9a6-4aee-b8e1-ad293a4fbef0,bp-runner,0.51b0,python,opentelemetry,1.30.0,opentelemetry.attributes,,13,WARN,896d00452ea2fdf2,1,04a540be3acdd6b72656be3047a4689b
2025-05-30 00:12:17.453,[BPAgent][run_proc] Running step: Generate Code,true,93,/app/server.py,inference,bp-runner,4531b8fd5ad78004,04a540be3acdd6b72656be3047a4689b,0gnL4WIxrWt49ayAsgzdTUaEvME,bp-runner,prod,ip-192-168-54-106.us-west-2.compute.internal,192.168.51.172,bp-runner-d5c86fcfd-xl7tk,2025-02-17T20:12:12Z,10a2f8a4-e9a6-4aee-b8e1-ad293a4fbef0,bp-runner,0.51b0,python,opentelemetry,1.30.0,__main__,,9,INFO,4531b8fd5ad78004,1,04a540be3acdd6b72656be3047a4689b
2025-05-30 00:12:17.453,"[BPAgent][run_proc] Output for Ruleset relevance filter: ### Necessary Rules

TERM: ""SKU""  
DEF: ""A uniquely-identified stock keeping unit.""  
CONTEXT:  
IF ""Single size"" THEN USE THIS MEANING ""A style-color is only offered in one size, the style-color has the same specificity, 1:1 as a SKU""  
IF ""Multiple sizes"" THEN USE THIS MEANING ""A style-color is offered in multiple sizes, a SKU is identified by a combination of style-color and size""

TERM: ""Launch""  
DEF: ""The date of first sale of a product. Specified as a day or month""

TERM: ""Sales ranking""  
DEF: ""An ordering of products or groups of products based on their sales performance. In units by default""  
CONTEXT:  
IF ""By units"" THEN USE THIS MEANING  
IF ""By cash or revenue"" THEN USE THIS MEANING

TERM: ""Sells well""  
DEF: ""Having higher unit sales that other members of its cohort, optionally limited by time or outlet. The cohort might be grouped by range segment, subcategory, color, or other criteria.""

TERM: ""Product Hierarchy""  
DEF: ""A structure used to categorize products, where subcategories are subsets of categories, subfamilies are subsets of families, and subgroups are subsets of groups.""  
NOTE: ""Labels or column headers in the source data may not match the language used by the user.""

TERM: ""Product""  
DEF: ""A good offered for sale.""  
NOTE: ""It is often the leaf of a hierarchy of categorization, e.g. category to subcategory to product.""

TERM: ""Assortment""  
DEF: ""The set of products offered.""  
NOTE: ""It can be overall, or can be limited by a selling location (stores, regions, clusters) or by season or by period.""",true,93,/app/server.py,inference,bp-runner,4531b8fd5ad78004,04a540be3acdd6b72656be3047a4689b,0gnL4WIv06q1QmNcWpdHuLsI54I,bp-runner,prod,ip-192-168-54-106.us-west-2.compute.internal,192.168.51.172,bp-runner-d5c86fcfd-xl7tk,2025-02-17T20:12:12Z,10a2f8a4-e9a6-4aee-b8e1-ad293a4fbef0,bp-runner,0.51b0,python,opentelemetry,1.30.0,__main__,,9,INFO,4531b8fd5ad78004,1,04a540be3acdd6b72656be3047a4689b
2025-05-30 00:12:09.977,[BPAgent][run_proc] Running step: Ruleset relevance filter,true,93,/app/server.py,inference,bp-runner,4531b8fd5ad78004,04a540be3acdd6b72656be3047a4689b,0gnL4IkAG6A3vVmUrGjFpdajqMD,bp-runner,prod,ip-192-168-54-106.us-west-2.compute.internal,192.168.51.172,bp-runner-d5c86fcfd-xl7tk,2025-02-17T20:12:12Z,10a2f8a4-e9a6-4aee-b8e1-ad293a4fbef0,bp-runner,0.51b0,python,opentelemetry,1.30.0,__main__,,9,INFO,4531b8fd5ad78004,1,04a540be3acdd6b72656be3047a4689b
2025-05-30 00:12:09.976,[Assistant][inference] Running process Womens RTW Chat,true,93,/app/server.py,inference,bp-runner,5f3cdca030220ec5,04a540be3acdd6b72656be3047a4689b,0gnL4Ik1QETyXgxcUpetNByg8s0,bp-runner,prod,ip-192-168-54-106.us-west-2.compute.internal,192.168.51.172,bp-runner-d5c86fcfd-xl7tk,2025-02-17T20:12:12Z,10a2f8a4-e9a6-4aee-b8e1-ad293a4fbef0,bp-runner,0.51b0,python,opentelemetry,1.30.0,__main__,,9,INFO,5f3cdca030220ec5,1,04a540be3acdd6b72656be3047a4689b
2025-05-30 00:12:09.232,[BPAgent][inference] Project Version: de67296b-20250110230159,true,148,/app/server.py,infer,bp-runner,5f3cdca030220ec5,04a540be3acdd6b72656be3047a4689b,0gnL4HOKT8V4UuxCgmQMs20UoNr,bp-runner,prod,ip-192-168-54-106.us-west-2.compute.internal,192.168.51.172,bp-runner-d5c86fcfd-xl7tk,2025-02-17T20:12:12Z,10a2f8a4-e9a6-4aee-b8e1-ad293a4fbef0,bp-runner,0.51b0,python,opentelemetry,1.30.0,__main__,,9,INFO,5f3cdca030220ec5,1,04a540be3acdd6b72656be3047a4689b
2025-05-30 00:12:09.232,[BPAgent][inference] Project ID: ie,true,146,/app/server.py,infer,bp-runner,5f3cdca030220ec5,04a540be3acdd6b72656be3047a4689b,0gnL4HOIk6nG9ONyIL2WsOqUvYs,bp-runner,prod,ip-192-168-54-106.us-west-2.compute.internal,192.168.51.172,bp-runner-d5c86fcfd-xl7tk,2025-02-17T20:12:12Z,10a2f8a4-e9a6-4aee-b8e1-ad293a4fbef0,bp-runner,0.51b0,python,opentelemetry,1.30.0,__main__,,9,INFO,5f3cdca030220ec5,1,04a540be3acdd6b72656be3047a4689b
2025-05-30 00:12:09.231,[BPAgent][inference] Query from user 6672ad79aa4d222b65efabd9: ./Womens RTW Chat -- What are the top 10 SKUs among Women Shorts that were launched in February?,true,144,/app/server.py,infer,bp-runner,5f3cdca030220ec5,04a540be3acdd6b72656be3047a4689b,0gnL4HOGYIv5zMBWaA50gCPkAtz,bp-runner,prod,ip-192-168-54-106.us-west-2.compute.internal,192.168.51.172,bp-runner-d5c86fcfd-xl7tk,2025-02-17T20:12:12Z,10a2f8a4-e9a6-4aee-b8e1-ad293a4fbef0,bp-runner,0.51b0,python,opentelemetry,1.30.0,__main__,,9,INFO,5f3cdca030220ec5,1,04a540be3acdd6b72656be3047a4689b
2025-05-30 00:12:07.956,[SlashGPTServer][inference] Response time: 34.233975648880005,true,103,/app/server.py,inference,bp-runner,3abcd3836473f01f,04a540be3acdd6b72656be3047a4689b,0gnL4F4rHrqGTAdtJsbHINn0k7S,bp-runner,prod,ip-192-168-54-106.us-west-2.compute.internal,192.168.51.172,bp-runner-d5c86fcfd-xl7tk,2025-02-17T20:12:12Z,10a2f8a4-e9a6-4aee-b8e1-ad293a4fbef0,bp-runner,0.51b0,python,opentelemetry,1.30.0,__main__,,9,INFO,3abcd3836473f01f,1,04a540be3acdd6b72656be3047a4689b
2025-05-30 00:12:07.955,"[BPAgent][run_proc] Output for Chat: ### Demonstrate
You asked to identify the month with the least amount of stock for ""Women Skirts."" This involves analyzing the `total_stock` (calculated as the sum of `end_inv` and `sales`) for each month in the dataset and determining the month with the lowest total stock for the ""Women Skirts"" subgroup.

### Explain
The process to determine the month with the least stock for ""Women Skirts"" is as follows:
1. Filter the dataset to include only rows where `product_subgroup_desc` is ""WOMENS SKIRTS.""
2. Calculate the `total_stock` for each row as the sum of `end_inv` and `sales`.
3. Group the data by `period` (month) and sum the `total_stock` for each month.
4. Identify the month with the smallest total stock value.

### Document
The analysis was performed on the dataset, and the month with the least total stock for ""Women Skirts"" was identified as **November 2021 (202111)**. This result was derived by summing the `total_stock` for all rows corresponding to ""Women Skirts"" for each month and selecting the month with the lowest total.

### Answer
The month with the least amount of stock for ""Women Skirts"" is **November 2021 (202111)**.",true,93,/app/server.py,inference,bp-runner,b24c306f1c6ad38a,04a540be3acdd6b72656be3047a4689b,0gnL4F4j25CSB6HS5vmoZjbpgvY,bp-runner,prod,ip-192-168-54-106.us-west-2.compute.internal,192.168.51.172,bp-runner-d5c86fcfd-xl7tk,2025-02-17T20:12:12Z,10a2f8a4-e9a6-4aee-b8e1-ad293a4fbef0,bp-runner,0.51b0,python,opentelemetry,1.30.0,__main__,,9,INFO,b24c306f1c6ad38a,1,04a540be3acdd6b72656be3047a4689b
2025-05-30 00:12:03.046,[Assistant][call_llm] Received question: [Context query: Which month has least amount of stock for Women Skirts?] [Current input: 202111],true,93,/app/server.py,inference,bp-runner,ddac6b15819dbeaf,04a540be3acdd6b72656be3047a4689b,0gnL46AcZ8yOZpNUOSRx8tzLmFQ,bp-runner,prod,ip-192-168-54-106.us-west-2.compute.internal,192.168.51.172,bp-runner-d5c86fcfd-xl7tk,2025-02-17T20:12:12Z,10a2f8a4-e9a6-4aee-b8e1-ad293a4fbef0,bp-runner,0.51b0,python,opentelemetry,1.30.0,__main__,,9,INFO,ddac6b15819dbeaf,1,04a540be3acdd6b72656be3047a4689b
2025-05-30 00:12:01.977,[BPAgent][run_proc] Running step: Chat,true,93,/app/server.py,inference,bp-runner,b24c306f1c6ad38a,04a540be3acdd6b72656be3047a4689b,0gnL44EIZOGcSHQNzyU75zrVyB9,bp-runner,prod,ip-192-168-54-106.us-west-2.compute.internal,192.168.51.172,bp-runner-d5c86fcfd-xl7tk,2025-02-17T20:12:12Z,10a2f8a4-e9a6-4aee-b8e1-ad293a4fbef0,bp-runner,0.51b0,python,opentelemetry,1.30.0,__main__,,9,INFO,b24c306f1c6ad38a,1,04a540be3acdd6b72656be3047a4689b
2025-05-30 00:12:01.976,[BPAgent][run_proc] Output for DF to MD: 202111,true,93,/app/server.py,inference,bp-runner,b24c306f1c6ad38a,04a540be3acdd6b72656be3047a4689b,0gnL44EELk7PHSZZxU53qtdZoP0,bp-runner,prod,ip-192-168-54-106.us-west-2.compute.internal,192.168.51.172,bp-runner-d5c86fcfd-xl7tk,2025-02-17T20:12:12Z,10a2f8a4-e9a6-4aee-b8e1-ad293a4fbef0,bp-runner,0.51b0,python,opentelemetry,1.30.0,__main__,,9,INFO,b24c306f1c6ad38a,1,04a540be3acdd6b72656be3047a4689b
2025-05-30 00:12:00.591,[BPAgent][run_proc] Running step: DF to MD,true,93,/app/server.py,inference,bp-runner,b24c306f1c6ad38a,04a540be3acdd6b72656be3047a4689b,0gnL41iRAJSMnPSmyhwUzghDJ3c,bp-runner,prod,ip-192-168-54-106.us-west-2.compute.internal,192.168.51.172,bp-runner-d5c86fcfd-xl7tk,2025-02-17T20:12:12Z,10a2f8a4-e9a6-4aee-b8e1-ad293a4fbef0,bp-runner,0.51b0,python,opentelemetry,1.30.0,__main__,,9,INFO,b24c306f1c6ad38a,1,04a540be3acdd6b72656be3047a4689b
2025-05-30 00:12:00.590,[BPAgent][run_proc] Uploaded generated_code.txt to S3...,true,93,/app/server.py,inference,bp-runner,b24c306f1c6ad38a,04a540be3acdd6b72656be3047a4689b,0gnL41iJa8zSi45Vn7SHsEHn7pW,bp-runner,prod,ip-192-168-54-106.us-west-2.compute.internal,192.168.51.172,bp-runner-d5c86fcfd-xl7tk,2025-02-17T20:12:12Z,10a2f8a4-e9a6-4aee-b8e1-ad293a4fbef0,bp-runner,0.51b0,python,opentelemetry,1.30.0,__main__,,9,INFO,b24c306f1c6ad38a,1,04a540be3acdd6b72656be3047a4689b
2025-05-30 00:12:00.489,[BPAgent][run_proc] Output for Generate Code: 202111,true,93,/app/server.py,inference,bp-runner,b24c306f1c6ad38a,04a540be3acdd6b72656be3047a4689b,0gnL41X0iBIwGuxBemoDrcoctbY,bp-runner,prod,ip-192-168-54-106.us-west-2.compute.internal,192.168.51.172,bp-runner-d5c86fcfd-xl7tk,2025-02-17T20:12:12Z,10a2f8a4-e9a6-4aee-b8e1-ad293a4fbef0,bp-runner,0.51b0,python,opentelemetry,1.30.0,__main__,,9,INFO,b24c306f1c6ad38a,1,04a540be3acdd6b72656be3047a4689b
2025-05-30 00:11:54.450,"Invalid type NoneType for attribute 'tne.orchestration.step_name' value. Expected one of ['bool', 'str', 'bytes', 'int', 'float'] or a sequence of those types",true,100,/opt/.venv/lib/python3.11/site-packages/opentelemetry/attributes/__init__.py,_clean_attribute,bp-runner,d467f014c82e5057,04a540be3acdd6b72656be3047a4689b,0gnL3qZlbfQw0eymExsHieBAYV5,bp-runner,prod,ip-192-168-54-106.us-west-2.compute.internal,192.168.51.172,bp-runner-d5c86fcfd-xl7tk,2025-02-17T20:12:12Z,10a2f8a4-e9a6-4aee-b8e1-ad293a4fbef0,bp-runner,0.51b0,python,opentelemetry,1.30.0,opentelemetry.attributes,,13,WARN,d467f014c82e5057,1,04a540be3acdd6b72656be3047a4689b
2025-05-30 00:11:54.450,[BPAgent][run_proc] Running step: Generate Code,true,93,/app/server.py,inference,bp-runner,b24c306f1c6ad38a,04a540be3acdd6b72656be3047a4689b,0gnL3qZhyK3trCWf7gUhDN0Zu1c,bp-runner,prod,ip-192-168-54-106.us-west-2.compute.internal,192.168.51.172,bp-runner-d5c86fcfd-xl7tk,2025-02-17T20:12:12Z,10a2f8a4-e9a6-4aee-b8e1-ad293a4fbef0,bp-runner,0.51b0,python,opentelemetry,1.30.0,__main__,,9,INFO,b24c306f1c6ad38a,1,04a540be3acdd6b72656be3047a4689b
2025-05-30 00:11:54.449,"[BPAgent][run_proc] Output for Ruleset relevance filter: ### Necessary Rules

TERM: ""Total Stock""
CONTEXT: ""For a single period""
DEF: ""The sum of ending inventory and sales for the given period.""
FORMULA: ""end_inv + sales""

TERM: ""Best time to launch""
DEF: ""The best time to launch a product is the month when sales for its subcategory are highest""

TERM: ""Product Hierarchy""
DEF: ""A structure used to categorize products, where subcategories are subsets of categories, subfamilies are subsets of families, and subgroups are subsets of groups.""
NOTE: ""Labels or column headers in the source data may not match the language used by the user.""
",true,93,/app/server.py,inference,bp-runner,b24c306f1c6ad38a,04a540be3acdd6b72656be3047a4689b,0gnL3qZeyp6H6MxW1SMfMUkgFrL,bp-runner,prod,ip-192-168-54-106.us-west-2.compute.internal,192.168.51.172,bp-runner-d5c86fcfd-xl7tk,2025-02-17T20:12:12Z,10a2f8a4-e9a6-4aee-b8e1-ad293a4fbef0,bp-runner,0.51b0,python,opentelemetry,1.30.0,__main__,,9,INFO,b24c306f1c6ad38a,1,04a540be3acdd6b72656be3047a4689b
2025-05-30 00:11:34.324,[BPAgent][run_proc] Running step: Ruleset relevance filter,true,93,/app/server.py,inference,bp-runner,b24c306f1c6ad38a,04a540be3acdd6b72656be3047a4689b,0gnL3G4C3l3FEh7OxehRwnVD1gM,bp-runner,prod,ip-192-168-54-106.us-west-2.compute.internal,192.168.51.172,bp-runner-d5c86fcfd-xl7tk,2025-02-17T20:12:12Z,10a2f8a4-e9a6-4aee-b8e1-ad293a4fbef0,bp-runner,0.51b0,python,opentelemetry,1.30.0,__main__,,9,INFO,b24c306f1c6ad38a,1,04a540be3acdd6b72656be3047a4689b
2025-05-30 00:11:34.324,[Assistant][inference] Running process Womens RTW Chat,true,93,/app/server.py,inference,bp-runner,3abcd3836473f01f,04a540be3acdd6b72656be3047a4689b,0gnL3G47BiCcaW2eTTGLRkS4zDI,bp-runner,prod,ip-192-168-54-106.us-west-2.compute.internal,192.168.51.172,bp-runner-d5c86fcfd-xl7tk,2025-02-17T20:12:12Z,10a2f8a4-e9a6-4aee-b8e1-ad293a4fbef0,bp-runner,0.51b0,python,opentelemetry,1.30.0,__main__,,9,INFO,3abcd3836473f01f,1,04a540be3acdd6b72656be3047a4689b
2025-05-30 00:11:33.722,[BPAgent][inference] Project Version: de67296b-20250110230159,true,148,/app/server.py,infer,bp-runner,3abcd3836473f01f,04a540be3acdd6b72656be3047a4689b,0gnL3EyQV60GH4vnqiBfjkajvBF,bp-runner,prod,ip-192-168-54-106.us-west-2.compute.internal,192.168.51.172,bp-runner-d5c86fcfd-xl7tk,2025-02-17T20:12:12Z,10a2f8a4-e9a6-4aee-b8e1-ad293a4fbef0,bp-runner,0.51b0,python,opentelemetry,1.30.0,__main__,,9,INFO,3abcd3836473f01f,1,04a540be3acdd6b72656be3047a4689b
2025-05-30 00:11:33.722,[BPAgent][inference] Project ID: ie,true,146,/app/server.py,infer,bp-runner,3abcd3836473f01f,04a540be3acdd6b72656be3047a4689b,0gnL3EyP9X4vti0EgyZ0Uvkgt0a,bp-runner,prod,ip-192-168-54-106.us-west-2.compute.internal,192.168.51.172,bp-runner-d5c86fcfd-xl7tk,2025-02-17T20:12:12Z,10a2f8a4-e9a6-4aee-b8e1-ad293a4fbef0,bp-runner,0.51b0,python,opentelemetry,1.30.0,__main__,,9,INFO,3abcd3836473f01f,1,04a540be3acdd6b72656be3047a4689b
2025-05-30 00:11:33.721,[BPAgent][inference] Query from user 6672ad79aa4d222b65efabd9: ./Womens RTW Chat -- Which month has least amount of stock for Women Skirts?,true,144,/app/server.py,infer,bp-runner,3abcd3836473f01f,04a540be3acdd6b72656be3047a4689b,0gnL3EyN0pKzhsQSVldg713QIHg,bp-runner,prod,ip-192-168-54-106.us-west-2.compute.internal,192.168.51.172,bp-runner-d5c86fcfd-xl7tk,2025-02-17T20:12:12Z,10a2f8a4-e9a6-4aee-b8e1-ad293a4fbef0,bp-runner,0.51b0,python,opentelemetry,1.30.0,__main__,,9,INFO,3abcd3836473f01f,1,04a540be3acdd6b72656be3047a4689b
2025-05-30 00:11:32.152,[SlashGPTServer][inference] Response time: 28.55779767036438,true,103,/app/server.py,inference,bp-runner,d4978f495c31ef91,04a540be3acdd6b72656be3047a4689b,0gnL3C7ndw8McXF1A2nyr7dzNpX,bp-runner,prod,ip-192-168-54-106.us-west-2.compute.internal,192.168.51.172,bp-runner-d5c86fcfd-xl7tk,2025-02-17T20:12:12Z,10a2f8a4-e9a6-4aee-b8e1-ad293a4fbef0,bp-runner,0.51b0,python,opentelemetry,1.30.0,__main__,,9,INFO,d4978f495c31ef91,1,04a540be3acdd6b72656be3047a4689b
2025-05-30 00:11:32.151,"[BPAgent][run_proc] Output for Chat: ### Demonstrate
You asked for the best-selling material-colour combination among products in the ""Newness"" range segment, using the `pareto` tagging. This means identifying the material and colour combination with the highest total sales within the ""Newness"" range segment.

### Explain
The provided data includes the `material`, `colour_description`, and their corresponding `sales` values for products in the ""Newness"" range segment. The best-selling combination was determined by identifying the row with the highest `sales` value.

### Document
1. The dataset was filtered to include only rows where the `range_segment` is ""Newness.""
2. The data was grouped by `material` and `colour_description`, and the total `sales` for each combination was calculated.
3. The combination with the highest `sales` value was selected as the best-selling material-colour combination.

### Answer
The best-selling material-colour combination among ""Newness"" products is:

| Material         | Colour Description | Sales  |
|------------------|--------------------|--------|
| Polyester Blend  | Multi             | 31,515 |

This indicates that ""Polyester Blend"" in the ""Multi"" colour is the most popular combination in the ""Newness"" range segment.",true,93,/app/server.py,inference,bp-runner,ce4422439a195d2c,04a540be3acdd6b72656be3047a4689b,0gnL3C7jUbcjoFFSEGlajDcIESZ,bp-runner,prod,ip-192-168-54-106.us-west-2.compute.internal,192.168.51.172,bp-runner-d5c86fcfd-xl7tk,2025-02-17T20:12:12Z,10a2f8a4-e9a6-4aee-b8e1-ad293a4fbef0,bp-runner,0.51b0,python,opentelemetry,1.30.0,__main__,,9,INFO,ce4422439a195d2c,1,04a540be3acdd6b72656be3047a4689b
2025-05-30 00:11:28.791,"[Assistant][call_llm] Received question: [Context query: What is the best selling material-colour combination among Newness using the pareto tagging?] [Current input: | material        | colour_description   |   sales |
|:----------------|:---------------------|--------:|
| Polyester Blend | Multi                |   31515 |]",true,93,/app/server.py,inference,bp-runner,82c3e3a8ab483843,04a540be3acdd6b72656be3047a4689b,0gnL361qFIQH9rECws7EFZH8dAY,bp-runner,prod,ip-192-168-54-106.us-west-2.compute.internal,192.168.51.172,bp-runner-d5c86fcfd-xl7tk,2025-02-17T20:12:12Z,10a2f8a4-e9a6-4aee-b8e1-ad293a4fbef0,bp-runner,0.51b0,python,opentelemetry,1.30.0,__main__,,9,INFO,82c3e3a8ab483843,1,04a540be3acdd6b72656be3047a4689b
2025-05-30 00:11:27.809,[BPAgent][run_proc] Running step: Chat,true,93,/app/server.py,inference,bp-runner,ce4422439a195d2c,04a540be3acdd6b72656be3047a4689b,0gnL34FNilJ5no6zH8vlny6SmPL,bp-runner,prod,ip-192-168-54-106.us-west-2.compute.internal,192.168.51.172,bp-runner-d5c86fcfd-xl7tk,2025-02-17T20:12:12Z,10a2f8a4-e9a6-4aee-b8e1-ad293a4fbef0,bp-runner,0.51b0,python,opentelemetry,1.30.0,__main__,,9,INFO,ce4422439a195d2c,1,04a540be3acdd6b72656be3047a4689b
2025-05-30 00:11:27.808,"[BPAgent][run_proc] Output for DF to MD: | material        | colour_description   |   sales |
|:----------------|:---------------------|--------:|
| Polyester Blend | Multi                |   31515 |",true,93,/app/server.py,inference,bp-runner,ce4422439a195d2c,04a540be3acdd6b72656be3047a4689b,0gnL34FHj6AHurgwxyDzTsqZQOw,bp-runner,prod,ip-192-168-54-106.us-west-2.compute.internal,192.168.51.172,bp-runner-d5c86fcfd-xl7tk,2025-02-17T20:12:12Z,10a2f8a4-e9a6-4aee-b8e1-ad293a4fbef0,bp-runner,0.51b0,python,opentelemetry,1.30.0,__main__,,9,INFO,ce4422439a195d2c,1,04a540be3acdd6b72656be3047a4689b
2025-05-30 00:11:26.442,[BPAgent][run_proc] Running step: DF to MD,true,93,/app/server.py,inference,bp-runner,ce4422439a195d2c,04a540be3acdd6b72656be3047a4689b,0gnL31lbdEUFbJBYKkjEPLEbgnD,bp-runner,prod,ip-192-168-54-106.us-west-2.compute.internal,192.168.51.172,bp-runner-d5c86fcfd-xl7tk,2025-02-17T20:12:12Z,10a2f8a4-e9a6-4aee-b8e1-ad293a4fbef0,bp-runner,0.51b0,python,opentelemetry,1.30.0,__main__,,9,INFO,ce4422439a195d2c,1,04a540be3acdd6b72656be3047a4689b
2025-05-30 00:11:26.438,[BPAgent][run_proc] Uploaded generated_code.txt to S3...,true,93,/app/server.py,inference,bp-runner,ce4422439a195d2c,04a540be3acdd6b72656be3047a4689b,0gnL31lBE3Q0mREfzAYDIUaG3xm,bp-runner,prod,ip-192-168-54-106.us-west-2.compute.internal,192.168.51.172,bp-runner-d5c86fcfd-xl7tk,2025-02-17T20:12:12Z,10a2f8a4-e9a6-4aee-b8e1-ad293a4fbef0,bp-runner,0.51b0,python,opentelemetry,1.30.0,__main__,,9,INFO,ce4422439a195d2c,1,04a540be3acdd6b72656be3047a4689b
2025-05-30 00:11:26.324,"[BPAgent][run_proc] Output for Generate Code:           material colour_description  sales
2  Polyester Blend              Multi  31515",true,93,/app/server.py,inference,bp-runner,ce4422439a195d2c,04a540be3acdd6b72656be3047a4689b,0gnL31YNSy69iJcuHn0lZ86obGS,bp-runner,prod,ip-192-168-54-106.us-west-2.compute.internal,192.168.51.172,bp-runner-d5c86fcfd-xl7tk,2025-02-17T20:12:12Z,10a2f8a4-e9a6-4aee-b8e1-ad293a4fbef0,bp-runner,0.51b0,python,opentelemetry,1.30.0,__main__,,9,INFO,ce4422439a195d2c,1,04a540be3acdd6b72656be3047a4689b
2025-05-30 00:11:20.035,"Invalid type NoneType for attribute 'tne.orchestration.step_name' value. Expected one of ['bool', 'str', 'bytes', 'int', 'float'] or a sequence of those types",true,100,/opt/.venv/lib/python3.11/site-packages/opentelemetry/attributes/__init__.py,_clean_attribute,bp-runner,73f6de31fe39bfec,04a540be3acdd6b72656be3047a4689b,0gnL2q94UIZ0tEva1Cvtdsbe2Hd,bp-runner,prod,ip-192-168-54-106.us-west-2.compute.internal,192.168.51.172,bp-runner-d5c86fcfd-xl7tk,2025-02-17T20:12:12Z,10a2f8a4-e9a6-4aee-b8e1-ad293a4fbef0,bp-runner,0.51b0,python,opentelemetry,1.30.0,opentelemetry.attributes,,13,WARN,73f6de31fe39bfec,1,04a540be3acdd6b72656be3047a4689b
2025-05-30 00:11:20.035,[BPAgent][run_proc] Running step: Generate Code,true,93,/app/server.py,inference,bp-runner,ce4422439a195d2c,04a540be3acdd6b72656be3047a4689b,0gnL2q91H4fqIj72EYgTbuuMcGU,bp-runner,prod,ip-192-168-54-106.us-west-2.compute.internal,192.168.51.172,bp-runner-d5c86fcfd-xl7tk,2025-02-17T20:12:12Z,10a2f8a4-e9a6-4aee-b8e1-ad293a4fbef0,bp-runner,0.51b0,python,opentelemetry,1.30.0,__main__,,9,INFO,ce4422439a195d2c,1,04a540be3acdd6b72656be3047a4689b
2025-05-30 00:11:20.034,"[BPAgent][run_proc] Output for Ruleset relevance filter: ### Necessary Rules

#### TERM: ""Sales ranking""
DEF: ""An ordering of products or groups of products based on their sales performance. In units by default""
CONTEXT:
IF ""By units"" THEN USE THIS MEANING

#### TERM: ""Sells well""
DEF: ""Having higher unit sales than other members of its cohort, optionally limited by time or outlet. The cohort might be grouped by range segment, subcategory, color, or other criteria.""

#### TERM: ""Pareto""
DEF: ""Product categorization based on its sales performance (e.g., 'A', 'A*', 'B', 'C', 'Tail').""

#### TERM: ""Newness""
DEF: ""A range_segment indicating recently introduced style-colors.""
NOTE: ""Style-colors with the range_segment 'newness' are collectively referred to as 'newness'.""

#### TERM: ""Material""
DEF: ""Main material composition of the garment (e.g., 'Nylon', 'Nylon Blend', 'Polyester Blend', 'Other', 'Downproof Woven', 'French Terry', 'Pima cotton').""

#### TERM: ""Colour Description""
DEF: ""Description of the color of the garment (e.g., 'starlight', 'White', 'Multi', 'Black', 'Green', etc.).""

#### TERM: ""Best Selling""
DEF: ""The product or combination of attributes with the highest sales in units within a specified cohort or group.""
NOTE: ""Best selling is determined by the highest value in the 'sales' column.""",true,93,/app/server.py,inference,bp-runner,ce4422439a195d2c,04a540be3acdd6b72656be3047a4689b,0gnL2q8y6wvc3oSpLbyxgQNy5mC,bp-runner,prod,ip-192-168-54-106.us-west-2.compute.internal,192.168.51.172,bp-runner-d5c86fcfd-xl7tk,2025-02-17T20:12:12Z,10a2f8a4-e9a6-4aee-b8e1-ad293a4fbef0,bp-runner,0.51b0,python,opentelemetry,1.30.0,__main__,,9,INFO,ce4422439a195d2c,1,04a540be3acdd6b72656be3047a4689b
2025-05-30 00:11:04.263,[BPAgent][run_proc] Running step: Ruleset relevance filter,true,93,/app/server.py,inference,bp-runner,ce4422439a195d2c,04a540be3acdd6b72656be3047a4689b,0gnL2NX9Anl3inrij7yZ1WaFYGP,bp-runner,prod,ip-192-168-54-106.us-west-2.compute.internal,192.168.51.172,bp-runner-d5c86fcfd-xl7tk,2025-02-17T20:12:12Z,10a2f8a4-e9a6-4aee-b8e1-ad293a4fbef0,bp-runner,0.51b0,python,opentelemetry,1.30.0,__main__,,9,INFO,ce4422439a195d2c,1,04a540be3acdd6b72656be3047a4689b
2025-05-30 00:11:04.263,[Assistant][inference] Running process Womens RTW Chat,true,93,/app/server.py,inference,bp-runner,d4978f495c31ef91,04a540be3acdd6b72656be3047a4689b,0gnL2NX3wVdkJwfhizOyTlHAeGR,bp-runner,prod,ip-192-168-54-106.us-west-2.compute.internal,192.168.51.172,bp-runner-d5c86fcfd-xl7tk,2025-02-17T20:12:12Z,10a2f8a4-e9a6-4aee-b8e1-ad293a4fbef0,bp-runner,0.51b0,python,opentelemetry,1.30.0,__main__,,9,INFO,d4978f495c31ef91,1,04a540be3acdd6b72656be3047a4689b
2025-05-30 00:11:03.593,[BPAgent][inference] Project Version: de67296b-20250110230159,true,148,/app/server.py,infer,bp-runner,d4978f495c31ef91,04a540be3acdd6b72656be3047a4689b,0gnL2MJmcYCgKyTwHGScii5zjFG,bp-runner,prod,ip-192-168-54-106.us-west-2.compute.internal,192.168.51.172,bp-runner-d5c86fcfd-xl7tk,2025-02-17T20:12:12Z,10a2f8a4-e9a6-4aee-b8e1-ad293a4fbef0,bp-runner,0.51b0,python,opentelemetry,1.30.0,__main__,,9,INFO,d4978f495c31ef91,1,04a540be3acdd6b72656be3047a4689b
2025-05-30 00:11:03.593,[BPAgent][inference] Project ID: ie,true,146,/app/server.py,infer,bp-runner,d4978f495c31ef91,04a540be3acdd6b72656be3047a4689b,0gnL2MJlD0EOBIhxFnLDiM9QzFp,bp-runner,prod,ip-192-168-54-106.us-west-2.compute.internal,192.168.51.172,bp-runner-d5c86fcfd-xl7tk,2025-02-17T20:12:12Z,10a2f8a4-e9a6-4aee-b8e1-ad293a4fbef0,bp-runner,0.51b0,python,opentelemetry,1.30.0,__main__,,9,INFO,d4978f495c31ef91,1,04a540be3acdd6b72656be3047a4689b
2025-05-30 00:11:03.593,[BPAgent][inference] Query from user 6672ad79aa4d222b65efabd9: ./Womens RTW Chat -- What is the best selling material-colour combination among Newness using the pareto tagging?,true,144,/app/server.py,infer,bp-runner,d4978f495c31ef91,04a540be3acdd6b72656be3047a4689b,0gnL2MJj6qLPy1WaHHng8DVO3Ea,bp-runner,prod,ip-192-168-54-106.us-west-2.compute.internal,192.168.51.172,bp-runner-d5c86fcfd-xl7tk,2025-02-17T20:12:12Z,10a2f8a4-e9a6-4aee-b8e1-ad293a4fbef0,bp-runner,0.51b0,python,opentelemetry,1.30.0,__main__,,9,INFO,d4978f495c31ef91,1,04a540be3acdd6b72656be3047a4689b
2025-05-30 00:11:01.838,[SlashGPTServer][inference] Response time: 17.93192410469055,true,103,/app/server.py,inference,bp-runner,e46ee8e3939aa130,04a540be3acdd6b72656be3047a4689b,0gnL2J8L6Wqe5EHzoKwEe6B8VHH,bp-runner,prod,ip-192-168-54-106.us-west-2.compute.internal,192.168.51.172,bp-runner-d5c86fcfd-xl7tk,2025-02-17T20:12:12Z,10a2f8a4-e9a6-4aee-b8e1-ad293a4fbef0,bp-runner,0.51b0,python,opentelemetry,1.30.0,__main__,,9,INFO,e46ee8e3939aa130,1,04a540be3acdd6b72656be3047a4689b
2025-05-30 00:11:01.837,"[BPAgent][run_proc] Output for Chat: ### Demonstrate
You asked for a ranking of sizes in ""Women's Skirts"" based on their Average Unit Retail (AUR). This means sorting the sizes by their AUR in descending order to identify which sizes have the highest average selling price.

### Explain
The provided data includes the `size_code` and their corresponding `aur` values for ""Women's Skirts."" The sizes were ranked by their AUR in descending order, as AUR represents the average price at which items were sold, and higher AUR indicates higher average selling prices.

### Document
1. The dataset was filtered to include only rows related to ""Women's Skirts.""
2. The data was grouped by `size_code`, and the average AUR was calculated for each size.
3. The sizes were sorted by their AUR in descending order to rank them.
4. The top 12 sizes were included in the output, as per the general rule to limit results to 12 items unless otherwise specified.

### Answer
Here is the ranking of sizes in ""Women's Skirts"" by their AUR:

| Rank | Size Code | AUR      |
|------|-----------|----------|
| 1    | 18        | 74.0994 |
| 2    | 20        | 73.3543 |
| 3    | 16        | 72.6906 |
| 4    | 14        | 69.0663 |
| 5    | 0         | 68.7651 |
| 6    | 8         | 68.5648 |
| 7    | 4         | 68.1071 |
| 8    | 10        | 67.7945 |
| 9    | 12        | 67.5328 |
| 10   | 6         | 67.3699 |
| 11   | 2         | 67.1420 |

This table shows that size 18 has the highest AUR, followed by size 20 and size 16.",true,93,/app/server.py,inference,bp-runner,8d1421f0b311e8ee,04a540be3acdd6b72656be3047a4689b,0gnL2J8I3i0POn6xged6GLg7MiG,bp-runner,prod,ip-192-168-54-106.us-west-2.compute.internal,192.168.51.172,bp-runner-d5c86fcfd-xl7tk,2025-02-17T20:12:12Z,10a2f8a4-e9a6-4aee-b8e1-ad293a4fbef0,bp-runner,0.51b0,python,opentelemetry,1.30.0,__main__,,9,INFO,8d1421f0b311e8ee,1,04a540be3acdd6b72656be3047a4689b
2025-05-30 00:10:58.215,"[Assistant][call_llm] Received question: [Context query: Rank sizes in women's skirts  by their AUR] [Current input: |   size_code |     aur |
|------------:|--------:|
|          18 | 74.0994 |
|          20 | 73.3543 |
|          16 | 72.6906 |
|          14 | 69.0663 |
|           0 | 68.7651 |
|           8 | 68.5648 |
|           4 | 68.1071 |
|          10 | 67.7945 |
|          12 | 67.5328 |
|           6 | 67.3699 |
|           2 | 67.142  |]",true,93,/app/server.py,inference,bp-runner,d4dd2ad83073214a,04a540be3acdd6b72656be3047a4689b,0gnL2CYs93fGgGyxoqSx0UVSVEy,bp-runner,prod,ip-192-168-54-106.us-west-2.compute.internal,192.168.51.172,bp-runner-d5c86fcfd-xl7tk,2025-02-17T20:12:12Z,10a2f8a4-e9a6-4aee-b8e1-ad293a4fbef0,bp-runner,0.51b0,python,opentelemetry,1.30.0,__main__,,9,INFO,d4dd2ad83073214a,1,04a540be3acdd6b72656be3047a4689b
2025-05-30 00:10:57.201,[BPAgent][run_proc] Running step: Chat,true,93,/app/server.py,inference,bp-runner,8d1421f0b311e8ee,04a540be3acdd6b72656be3047a4689b,0gnL2Aiq3hJbSpext58AzNRkRoz,bp-runner,prod,ip-192-168-54-106.us-west-2.compute.internal,192.168.51.172,bp-runner-d5c86fcfd-xl7tk,2025-02-17T20:12:12Z,10a2f8a4-e9a6-4aee-b8e1-ad293a4fbef0,bp-runner,0.51b0,python,opentelemetry,1.30.0,__main__,,9,INFO,8d1421f0b311e8ee,1,04a540be3acdd6b72656be3047a4689b
2025-05-30 00:10:57.201,"[BPAgent][run_proc] Output for DF to MD: |   size_code |     aur |
|------------:|--------:|
|          18 | 74.0994 |
|          20 | 73.3543 |
|          16 | 72.6906 |
|          14 | 69.0663 |
|           0 | 68.7651 |
|           8 | 68.5648 |
|           4 | 68.1071 |
|          10 | 67.7945 |
|          12 | 67.5328 |
|           6 | 67.3699 |
|           2 | 67.142  |",true,93,/app/server.py,inference,bp-runner,8d1421f0b311e8ee,04a540be3acdd6b72656be3047a4689b,0gnL2AimzDXvnzp35fgIFKu48vs,bp-runner,prod,ip-192-168-54-106.us-west-2.compute.internal,192.168.51.172,bp-runner-d5c86fcfd-xl7tk,2025-02-17T20:12:12Z,10a2f8a4-e9a6-4aee-b8e1-ad293a4fbef0,bp-runner,0.51b0,python,opentelemetry,1.30.0,__main__,,9,INFO,8d1421f0b311e8ee,1,04a540be3acdd6b72656be3047a4689b
2025-05-30 00:10:55.522,[BPAgent][run_proc] Running step: DF to MD,true,93,/app/server.py,inference,bp-runner,8d1421f0b311e8ee,04a540be3acdd6b72656be3047a4689b,0gnL27g221RizMrBIjz3vMG1PXd,bp-runner,prod,ip-192-168-54-106.us-west-2.compute.internal,192.168.51.172,bp-runner-d5c86fcfd-xl7tk,2025-02-17T20:12:12Z,10a2f8a4-e9a6-4aee-b8e1-ad293a4fbef0,bp-runner,0.51b0,python,opentelemetry,1.30.0,__main__,,9,INFO,8d1421f0b311e8ee,1,04a540be3acdd6b72656be3047a4689b
2025-05-30 00:10:55.519,[BPAgent][run_proc] Uploaded generated_code.txt to S3...,true,93,/app/server.py,inference,bp-runner,8d1421f0b311e8ee,04a540be3acdd6b72656be3047a4689b,0gnL27fbt0GBPLk7KJVlwP7HYC5,bp-runner,prod,ip-192-168-54-106.us-west-2.compute.internal,192.168.51.172,bp-runner-d5c86fcfd-xl7tk,2025-02-17T20:12:12Z,10a2f8a4-e9a6-4aee-b8e1-ad293a4fbef0,bp-runner,0.51b0,python,opentelemetry,1.30.0,__main__,,9,INFO,8d1421f0b311e8ee,1,04a540be3acdd6b72656be3047a4689b
2025-05-30 00:10:55.424,"[BPAgent][run_proc] Output for Generate Code:     size_code        aur
9          18  74.099411
10         20  73.354271
8          16  72.690622
7          14  69.066265
0           0  68.765120
4           8  68.564757
2           4  68.107104
5          10  67.794532
6          12  67.532760
3           6  67.369918
1           2  67.142024",true,93,/app/server.py,inference,bp-runner,8d1421f0b311e8ee,04a540be3acdd6b72656be3047a4689b,0gnL27UxkrtoIBJk9aGJds9S2s7,bp-runner,prod,ip-192-168-54-106.us-west-2.compute.internal,192.168.51.172,bp-runner-d5c86fcfd-xl7tk,2025-02-17T20:12:12Z,10a2f8a4-e9a6-4aee-b8e1-ad293a4fbef0,bp-runner,0.51b0,python,opentelemetry,1.30.0,__main__,,9,INFO,8d1421f0b311e8ee,1,04a540be3acdd6b72656be3047a4689b
2025-05-30 00:10:48.788,"Invalid type NoneType for attribute 'tne.orchestration.step_name' value. Expected one of ['bool', 'str', 'bytes', 'int', 'float'] or a sequence of those types",true,100,/opt/.venv/lib/python3.11/site-packages/opentelemetry/attributes/__init__.py,_clean_attribute,bp-runner,a586f20bebf34ee3,04a540be3acdd6b72656be3047a4689b,0gnL1vSekN6Ngr3eXB9heFM3aqs,bp-runner,prod,ip-192-168-54-106.us-west-2.compute.internal,192.168.51.172,bp-runner-d5c86fcfd-xl7tk,2025-02-17T20:12:12Z,10a2f8a4-e9a6-4aee-b8e1-ad293a4fbef0,bp-runner,0.51b0,python,opentelemetry,1.30.0,opentelemetry.attributes,,13,WARN,a586f20bebf34ee3,1,04a540be3acdd6b72656be3047a4689b
2025-05-30 00:10:48.788,[BPAgent][run_proc] Running step: Generate Code,true,93,/app/server.py,inference,bp-runner,8d1421f0b311e8ee,04a540be3acdd6b72656be3047a4689b,0gnL1vSbpdBlctDRp2oBmfqHO2A,bp-runner,prod,ip-192-168-54-106.us-west-2.compute.internal,192.168.51.172,bp-runner-d5c86fcfd-xl7tk,2025-02-17T20:12:12Z,10a2f8a4-e9a6-4aee-b8e1-ad293a4fbef0,bp-runner,0.51b0,python,opentelemetry,1.30.0,__main__,,9,INFO,8d1421f0b311e8ee,1,04a540be3acdd6b72656be3047a4689b
2025-05-30 00:10:48.788,"[BPAgent][run_proc] Output for Ruleset relevance filter: ### Necessary Rules

TERM: ""AUR (Average Unit Retail)""
DEF: ""The average price at which a product is sold.""
NOTE: ""If the data source has an aur column, use the given data rather than the formula.""
FORMULA: ""Total Sales (in currency) / Total Sales Units""

TERM: ""Ranking""
DEF: ""An ordering of items based on a specific metric, such as AUR, sales, or other attributes.""
NOTE: ""Ranking can be ascending or descending depending on the context.""

TERM: ""Size""
DEF: ""A numeric code representing the size of the clothing item (e.g., 0, 2, 4, 6, 8, 10, 12, 14, 16, 18, 20).""
NOTE: ""Sizes are identified by the 'size_code' column in the dataset.""

TERM: ""Product Subgroup""
DEF: ""The most specific product category within the hierarchy, such as 'Women's Skirts' or 'Women's Pants'.""
NOTE: ""The 'product_subgroup_desc' column in the dataset identifies the product subgroup.""

### Explanation of Relevance
- **AUR (Average Unit Retail)**: Necessary to understand and use the AUR column in the dataset for ranking.
- **Ranking**: Required to rank sizes based on their AUR.
- **Size**: Needed to identify and rank sizes within the ""Women's Skirts"" subgroup.
- **Product Subgroup**: Essential to filter the dataset to include only ""Women's Skirts.""",true,93,/app/server.py,inference,bp-runner,8d1421f0b311e8ee,04a540be3acdd6b72656be3047a4689b,0gnL1vSYcPJI2oGyiIubgQLea4W,bp-runner,prod,ip-192-168-54-106.us-west-2.compute.internal,192.168.51.172,bp-runner-d5c86fcfd-xl7tk,2025-02-17T20:12:12Z,10a2f8a4-e9a6-4aee-b8e1-ad293a4fbef0,bp-runner,0.51b0,python,opentelemetry,1.30.0,__main__,,9,INFO,8d1421f0b311e8ee,1,04a540be3acdd6b72656be3047a4689b
2025-05-30 00:10:44.570,[BPAgent][run_proc] Running step: Ruleset relevance filter,true,93,/app/server.py,inference,bp-runner,8d1421f0b311e8ee,04a540be3acdd6b72656be3047a4689b,0gnL1noDaeTX1XZcc0rSr7XCzWR,bp-runner,prod,ip-192-168-54-106.us-west-2.compute.internal,192.168.51.172,bp-runner-d5c86fcfd-xl7tk,2025-02-17T20:12:12Z,10a2f8a4-e9a6-4aee-b8e1-ad293a4fbef0,bp-runner,0.51b0,python,opentelemetry,1.30.0,__main__,,9,INFO,8d1421f0b311e8ee,1,04a540be3acdd6b72656be3047a4689b
2025-05-30 00:10:44.569,[Assistant][inference] Running process Womens RTW Chat,true,93,/app/server.py,inference,bp-runner,e46ee8e3939aa130,04a540be3acdd6b72656be3047a4689b,0gnL1no59MAHmpcijieF33IxGgE,bp-runner,prod,ip-192-168-54-106.us-west-2.compute.internal,192.168.51.172,bp-runner-d5c86fcfd-xl7tk,2025-02-17T20:12:12Z,10a2f8a4-e9a6-4aee-b8e1-ad293a4fbef0,bp-runner,0.51b0,python,opentelemetry,1.30.0,__main__,,9,INFO,e46ee8e3939aa130,1,04a540be3acdd6b72656be3047a4689b
2025-05-30 00:10:43.905,[BPAgent][inference] Project Version: de67296b-20250110230159,true,148,/app/server.py,infer,bp-runner,e46ee8e3939aa130,04a540be3acdd6b72656be3047a4689b,0gnL1mbRB0U7HG2ovo8TkPDEgCm,bp-runner,prod,ip-192-168-54-106.us-west-2.compute.internal,192.168.51.172,bp-runner-d5c86fcfd-xl7tk,2025-02-17T20:12:12Z,10a2f8a4-e9a6-4aee-b8e1-ad293a4fbef0,bp-runner,0.51b0,python,opentelemetry,1.30.0,__main__,,9,INFO,e46ee8e3939aa130,1,04a540be3acdd6b72656be3047a4689b
2025-05-30 00:10:43.905,[BPAgent][inference] Project ID: ie,true,146,/app/server.py,infer,bp-runner,e46ee8e3939aa130,04a540be3acdd6b72656be3047a4689b,0gnL1mbPYVclddw2sp1KQAEmSJ6,bp-runner,prod,ip-192-168-54-106.us-west-2.compute.internal,192.168.51.172,bp-runner-d5c86fcfd-xl7tk,2025-02-17T20:12:12Z,10a2f8a4-e9a6-4aee-b8e1-ad293a4fbef0,bp-runner,0.51b0,python,opentelemetry,1.30.0,__main__,,9,INFO,e46ee8e3939aa130,1,04a540be3acdd6b72656be3047a4689b
2025-05-30 00:10:43.905,"[BPAgent][inference] Query from user 6672ad79aa4d222b65efabd9: ./Womens RTW Chat -- Rank sizes in women's skirts  by their AUR ",true,144,/app/server.py,infer,bp-runner,e46ee8e3939aa130,04a540be3acdd6b72656be3047a4689b,0gnL1mbNQMCY4waQJfJpuCYEZno,bp-runner,prod,ip-192-168-54-106.us-west-2.compute.internal,192.168.51.172,bp-runner-d5c86fcfd-xl7tk,2025-02-17T20:12:12Z,10a2f8a4-e9a6-4aee-b8e1-ad293a4fbef0,bp-runner,0.51b0,python,opentelemetry,1.30.0,__main__,,9,INFO,e46ee8e3939aa130,1,04a540be3acdd6b72656be3047a4689b
2025-05-30 00:10:42.171,[SlashGPTServer][inference] Response time: 15.193283319473267,true,103,/app/server.py,inference,bp-runner,697b8866026a96f1,04a540be3acdd6b72656be3047a4689b,0gnL1jSKRF921Ljt1Aqw7MTi8gN,bp-runner,prod,ip-192-168-54-106.us-west-2.compute.internal,192.168.51.172,bp-runner-d5c86fcfd-xl7tk,2025-02-17T20:12:12Z,10a2f8a4-e9a6-4aee-b8e1-ad293a4fbef0,bp-runner,0.51b0,python,opentelemetry,1.30.0,__main__,,9,INFO,697b8866026a96f1,1,04a540be3acdd6b72656be3047a4689b
2025-05-30 00:10:42.170,"[BPAgent][run_proc] Output for Chat: ### Demonstrate
You asked for the best month to stock ""Women's Pants"" based on sales data. This means identifying the month with the highest total sales for the product subgroup ""Women's Pants.""

### Explain
The query filtered the dataset to include only rows where the `product_subgroup_desc` is ""WOMENS PANTS."" The data was grouped by the `period` column, and the total `sales` for each month was calculated. The month with the highest total sales was identified as the best month to stock ""Women's Pants.""

### Document
1. The dataset was filtered to include only rows where `product_subgroup_desc` equals ""WOMENS PANTS.""
2. The data was grouped by the `period` column, which represents the month in the format `YYYYMM`.
3. The `sales` column was summed for each month.
4. The month with the highest total sales was identified as the best month to stock ""Women's Pants.""

### Answer
The best month to stock ""Women's Pants"" is **November 2021 (202111)**, with total sales of **13,565 units**.",true,93,/app/server.py,inference,bp-runner,98f8b9ed2a22a5a3,04a540be3acdd6b72656be3047a4689b,0gnL1jSHSIShoyZELyjbyYgc4DY,bp-runner,prod,ip-192-168-54-106.us-west-2.compute.internal,192.168.51.172,bp-runner-d5c86fcfd-xl7tk,2025-02-17T20:12:12Z,10a2f8a4-e9a6-4aee-b8e1-ad293a4fbef0,bp-runner,0.51b0,python,opentelemetry,1.30.0,__main__,,9,INFO,98f8b9ed2a22a5a3,1,04a540be3acdd6b72656be3047a4689b
2025-05-30 00:10:39.914,"[Assistant][call_llm] Received question: [Context query: Which month should I stock Womens Pants more?] [Current input: {""Best Month to Stock Women's Pants"": np.int64(202111), 'Total Sales in Best Month': np.int64(13565)}]",true,93,/app/server.py,inference,bp-runner,8f9f00a9d9b29fa6,04a540be3acdd6b72656be3047a4689b,0gnL1fMV9fPZhgWsliHvfZBm4My,bp-runner,prod,ip-192-168-54-106.us-west-2.compute.internal,192.168.51.172,bp-runner-d5c86fcfd-xl7tk,2025-02-17T20:12:12Z,10a2f8a4-e9a6-4aee-b8e1-ad293a4fbef0,bp-runner,0.51b0,python,opentelemetry,1.30.0,__main__,,9,INFO,8f9f00a9d9b29fa6,1,04a540be3acdd6b72656be3047a4689b
2025-05-30 00:10:38.997,[BPAgent][run_proc] Running step: Chat,true,93,/app/server.py,inference,bp-runner,98f8b9ed2a22a5a3,04a540be3acdd6b72656be3047a4689b,0gnL1dhLnTHy0fVn86UFcBiC23h,bp-runner,prod,ip-192-168-54-106.us-west-2.compute.internal,192.168.51.172,bp-runner-d5c86fcfd-xl7tk,2025-02-17T20:12:12Z,10a2f8a4-e9a6-4aee-b8e1-ad293a4fbef0,bp-runner,0.51b0,python,opentelemetry,1.30.0,__main__,,9,INFO,98f8b9ed2a22a5a3,1,04a540be3acdd6b72656be3047a4689b
2025-05-30 00:10:38.996,"[BPAgent][run_proc] Output for DF to MD: {""Best Month to Stock Women's Pants"": np.int64(202111), 'Total Sales in Best Month': np.int64(13565)}",true,93,/app/server.py,inference,bp-runner,98f8b9ed2a22a5a3,04a540be3acdd6b72656be3047a4689b,0gnL1dhImkpEKUbuc8q3DqiJjdW,bp-runner,prod,ip-192-168-54-106.us-west-2.compute.internal,192.168.51.172,bp-runner-d5c86fcfd-xl7tk,2025-02-17T20:12:12Z,10a2f8a4-e9a6-4aee-b8e1-ad293a4fbef0,bp-runner,0.51b0,python,opentelemetry,1.30.0,__main__,,9,INFO,98f8b9ed2a22a5a3,1,04a540be3acdd6b72656be3047a4689b
2025-05-30 00:10:37.608,[BPAgent][run_proc] Running step: DF to MD,true,93,/app/server.py,inference,bp-runner,98f8b9ed2a22a5a3,04a540be3acdd6b72656be3047a4689b,0gnL1bBBQJASWuxjADwebvTReSw,bp-runner,prod,ip-192-168-54-106.us-west-2.compute.internal,192.168.51.172,bp-runner-d5c86fcfd-xl7tk,2025-02-17T20:12:12Z,10a2f8a4-e9a6-4aee-b8e1-ad293a4fbef0,bp-runner,0.51b0,python,opentelemetry,1.30.0,__main__,,9,INFO,98f8b9ed2a22a5a3,1,04a540be3acdd6b72656be3047a4689b
2025-05-30 00:10:37.607,[BPAgent][run_proc] Uploaded generated_code.txt to S3...,true,93,/app/server.py,inference,bp-runner,98f8b9ed2a22a5a3,04a540be3acdd6b72656be3047a4689b,0gnL1bB5tJL5BWlDMCzSixpu3Y2,bp-runner,prod,ip-192-168-54-106.us-west-2.compute.internal,192.168.51.172,bp-runner-d5c86fcfd-xl7tk,2025-02-17T20:12:12Z,10a2f8a4-e9a6-4aee-b8e1-ad293a4fbef0,bp-runner,0.51b0,python,opentelemetry,1.30.0,__main__,,9,INFO,98f8b9ed2a22a5a3,1,04a540be3acdd6b72656be3047a4689b
2025-05-30 00:10:37.473,"[BPAgent][run_proc] Output for Generate Code: {""Best Month to Stock Women's Pants"": np.int64(202111), 'Total Sales in Best Month': np.int64(13565)}",true,93,/app/server.py,inference,bp-runner,98f8b9ed2a22a5a3,04a540be3acdd6b72656be3047a4689b,0gnL1avxmyNPjRupdFBkWEwPZ8w,bp-runner,prod,ip-192-168-54-106.us-west-2.compute.internal,192.168.51.172,bp-runner-d5c86fcfd-xl7tk,2025-02-17T20:12:12Z,10a2f8a4-e9a6-4aee-b8e1-ad293a4fbef0,bp-runner,0.51b0,python,opentelemetry,1.30.0,__main__,,9,INFO,98f8b9ed2a22a5a3,1,04a540be3acdd6b72656be3047a4689b
2025-05-30 00:10:30.451,"Invalid type NoneType for attribute 'tne.orchestration.step_name' value. Expected one of ['bool', 'str', 'bytes', 'int', 'float'] or a sequence of those types",true,100,/opt/.venv/lib/python3.11/site-packages/opentelemetry/attributes/__init__.py,_clean_attribute,bp-runner,111726bed3d8281a,04a540be3acdd6b72656be3047a4689b,0gnL1OCEVDHLHcyl5cTkln4uTAg,bp-runner,prod,ip-192-168-54-106.us-west-2.compute.internal,192.168.51.172,bp-runner-d5c86fcfd-xl7tk,2025-02-17T20:12:12Z,10a2f8a4-e9a6-4aee-b8e1-ad293a4fbef0,bp-runner,0.51b0,python,opentelemetry,1.30.0,opentelemetry.attributes,,13,WARN,111726bed3d8281a,1,04a540be3acdd6b72656be3047a4689b
2025-05-30 00:10:30.451,[BPAgent][run_proc] Running step: Generate Code,true,93,/app/server.py,inference,bp-runner,98f8b9ed2a22a5a3,04a540be3acdd6b72656be3047a4689b,0gnL1OCBU3NAPBkTXEqAIUD54ij,bp-runner,prod,ip-192-168-54-106.us-west-2.compute.internal,192.168.51.172,bp-runner-d5c86fcfd-xl7tk,2025-02-17T20:12:12Z,10a2f8a4-e9a6-4aee-b8e1-ad293a4fbef0,bp-runner,0.51b0,python,opentelemetry,1.30.0,__main__,,9,INFO,98f8b9ed2a22a5a3,1,04a540be3acdd6b72656be3047a4689b
2025-05-30 00:10:30.450,"[BPAgent][run_proc] Output for Ruleset relevance filter: ### Necessary Rules

TERM: ""Best time to launch""
DEF: ""The best time to launch a product is the month when sales for its subcategory are highest""

TERM: ""Sales ranking""
DEF: ""An ordering of products or groups of products based on their sales performance. In units by default""
CONTEXT:
IF ""By units"" THEN USE THIS MEANING

TERM: ""Sells well""
DEF: ""Having higher unit sales that other members of its cohort, optionally limited by time or outlet.
The cohort might be grouped by range segment, subcategory, color, or other criteria.""
",true,93,/app/server.py,inference,bp-runner,98f8b9ed2a22a5a3,04a540be3acdd6b72656be3047a4689b,0gnL1OC8WXvFeeokfT01xS61r3J,bp-runner,prod,ip-192-168-54-106.us-west-2.compute.internal,192.168.51.172,bp-runner-d5c86fcfd-xl7tk,2025-02-17T20:12:12Z,10a2f8a4-e9a6-4aee-b8e1-ad293a4fbef0,bp-runner,0.51b0,python,opentelemetry,1.30.0,__main__,,9,INFO,98f8b9ed2a22a5a3,1,04a540be3acdd6b72656be3047a4689b
2025-05-30 00:10:27.562,[BPAgent][run_proc] Running step: Ruleset relevance filter,true,93,/app/server.py,inference,bp-runner,98f8b9ed2a22a5a3,04a540be3acdd6b72656be3047a4689b,0gnL1IxEGujlOdHTV9zLiGWfy17,bp-runner,prod,ip-192-168-54-106.us-west-2.compute.internal,192.168.51.172,bp-runner-d5c86fcfd-xl7tk,2025-02-17T20:12:12Z,10a2f8a4-e9a6-4aee-b8e1-ad293a4fbef0,bp-runner,0.51b0,python,opentelemetry,1.30.0,__main__,,9,INFO,98f8b9ed2a22a5a3,1,04a540be3acdd6b72656be3047a4689b
2025-05-30 00:10:27.561,[Assistant][inference] Running process Womens RTW Chat,true,93,/app/server.py,inference,bp-runner,697b8866026a96f1,04a540be3acdd6b72656be3047a4689b,0gnL1Ix7RmgKr1MZqAJiKMFXukh,bp-runner,prod,ip-192-168-54-106.us-west-2.compute.internal,192.168.51.172,bp-runner-d5c86fcfd-xl7tk,2025-02-17T20:12:12Z,10a2f8a4-e9a6-4aee-b8e1-ad293a4fbef0,bp-runner,0.51b0,python,opentelemetry,1.30.0,__main__,,9,INFO,697b8866026a96f1,1,04a540be3acdd6b72656be3047a4689b
2025-05-30 00:10:26.977,[BPAgent][inference] Project Version: de67296b-20250110230159,true,148,/app/server.py,infer,bp-runner,697b8866026a96f1,04a540be3acdd6b72656be3047a4689b,0gnL1HtRX2IH9Kr9TqBUSfTCQSf,bp-runner,prod,ip-192-168-54-106.us-west-2.compute.internal,192.168.51.172,bp-runner-d5c86fcfd-xl7tk,2025-02-17T20:12:12Z,10a2f8a4-e9a6-4aee-b8e1-ad293a4fbef0,bp-runner,0.51b0,python,opentelemetry,1.30.0,__main__,,9,INFO,697b8866026a96f1,1,04a540be3acdd6b72656be3047a4689b
2025-05-30 00:10:26.977,[BPAgent][inference] Project ID: ie,true,146,/app/server.py,infer,bp-runner,697b8866026a96f1,04a540be3acdd6b72656be3047a4689b,0gnL1HtPkSydaQDBWTJMyM8rqp3,bp-runner,prod,ip-192-168-54-106.us-west-2.compute.internal,192.168.51.172,bp-runner-d5c86fcfd-xl7tk,2025-02-17T20:12:12Z,10a2f8a4-e9a6-4aee-b8e1-ad293a4fbef0,bp-runner,0.51b0,python,opentelemetry,1.30.0,__main__,,9,INFO,697b8866026a96f1,1,04a540be3acdd6b72656be3047a4689b
2025-05-30 00:10:26.976,[BPAgent][inference] Query from user 6672ad79aa4d222b65efabd9: ./Womens RTW Chat -- Which month should I stock Womens Pants more?,true,144,/app/server.py,infer,bp-runner,697b8866026a96f1,04a540be3acdd6b72656be3047a4689b,0gnL1HtNY6nOe3FodTQXU1zFS6s,bp-runner,prod,ip-192-168-54-106.us-west-2.compute.internal,192.168.51.172,bp-runner-d5c86fcfd-xl7tk,2025-02-17T20:12:12Z,10a2f8a4-e9a6-4aee-b8e1-ad293a4fbef0,bp-runner,0.51b0,python,opentelemetry,1.30.0,__main__,,9,INFO,697b8866026a96f1,1,04a540be3acdd6b72656be3047a4689b
2025-05-30 00:10:22.627,[SlashGPTServer][inference] Response time: 19.382768154144287,true,103,/app/server.py,inference,bp-runner,032c8b5ab72f6b8a,04a540be3acdd6b72656be3047a4689b,0gnL1A0DQCh6omoiYAm04f7eWFX,bp-runner,prod,ip-192-168-54-106.us-west-2.compute.internal,192.168.51.172,bp-runner-d5c86fcfd-xl7tk,2025-02-17T20:12:12Z,10a2f8a4-e9a6-4aee-b8e1-ad293a4fbef0,bp-runner,0.51b0,python,opentelemetry,1.30.0,__main__,,9,INFO,032c8b5ab72f6b8a,1,04a540be3acdd6b72656be3047a4689b
2025-05-30 00:10:22.626,"[BPAgent][run_proc] Output for Chat: ### Demonstrate
You asked for the best-selling material-color-size combination among products categorized as ""Newness."" The best-selling combination is determined by the highest total sales for a specific material, color, and size.

### Explain
The query filtered the dataset to include only rows where the `range_segment` is ""Newness."" The data was grouped by `material`, `colour_description`, and `size_code`, and the total `sales` for each combination was calculated. The results were sorted in descending order of sales, and the top combination was selected.

### Document
From the filtered dataset:
1. Rows with `range_segment` equal to ""Newness"" were selected.
2. The data was grouped by `material`, `colour_description`, and `size_code`.
3. The `sales` column was summed for each material-color-size combination.
4. The results were sorted in descending order of sales.
5. The top result was identified as the best-selling material-color-size combination.

### Answer
The best-selling material-color-size combination among ""Newness"" is **Polyester Blend - Multi - Size 6**, with total sales of **10,384 units**.",true,93,/app/server.py,inference,bp-runner,5528481d6508a253,04a540be3acdd6b72656be3047a4689b,0gnL1A09YugFaydc8o1LrRVQAbs,bp-runner,prod,ip-192-168-54-106.us-west-2.compute.internal,192.168.51.172,bp-runner-d5c86fcfd-xl7tk,2025-02-17T20:12:12Z,10a2f8a4-e9a6-4aee-b8e1-ad293a4fbef0,bp-runner,0.51b0,python,opentelemetry,1.30.0,__main__,,9,INFO,5528481d6508a253,1,04a540be3acdd6b72656be3047a4689b
2025-05-30 00:10:19.235,"[Assistant][call_llm] Received question: [Context query: What is the best-selling material-color-size combination among Newness?] [Current input: | material        | colour_description   |   size_code |   sales |
|:----------------|:---------------------|------------:|--------:|
| Polyester Blend | Multi                |           6 |   10384 |]",true,93,/app/server.py,inference,bp-runner,05faeb83c3df43a1,04a540be3acdd6b72656be3047a4689b,0gnL13qgimjC7TQBogwTWrLrXJU,bp-runner,prod,ip-192-168-54-106.us-west-2.compute.internal,192.168.51.172,bp-runner-d5c86fcfd-xl7tk,2025-02-17T20:12:12Z,10a2f8a4-e9a6-4aee-b8e1-ad293a4fbef0,bp-runner,0.51b0,python,opentelemetry,1.30.0,__main__,,9,INFO,05faeb83c3df43a1,1,04a540be3acdd6b72656be3047a4689b
2025-05-30 00:10:18.332,[BPAgent][run_proc] Running step: Chat,true,93,/app/server.py,inference,bp-runner,5528481d6508a253,04a540be3acdd6b72656be3047a4689b,0gnL12D89jOhK8YiaTNILDwT22m,bp-runner,prod,ip-192-168-54-106.us-west-2.compute.internal,192.168.51.172,bp-runner-d5c86fcfd-xl7tk,2025-02-17T20:12:12Z,10a2f8a4-e9a6-4aee-b8e1-ad293a4fbef0,bp-runner,0.51b0,python,opentelemetry,1.30.0,__main__,,9,INFO,5528481d6508a253,1,04a540be3acdd6b72656be3047a4689b
2025-05-30 00:10:18.331,"[BPAgent][run_proc] Output for DF to MD: | material        | colour_description   |   size_code |   sales |
|:----------------|:---------------------|------------:|--------:|
| Polyester Blend | Multi                |           6 |   10384 |",true,93,/app/server.py,inference,bp-runner,5528481d6508a253,04a540be3acdd6b72656be3047a4689b,0gnL12D37c6UHa0K6tRnNyPWMm9,bp-runner,prod,ip-192-168-54-106.us-west-2.compute.internal,192.168.51.172,bp-runner-d5c86fcfd-xl7tk,2025-02-17T20:12:12Z,10a2f8a4-e9a6-4aee-b8e1-ad293a4fbef0,bp-runner,0.51b0,python,opentelemetry,1.30.0,__main__,,9,INFO,5528481d6508a253,1,04a540be3acdd6b72656be3047a4689b
2025-05-30 00:10:16.827,[BPAgent][run_proc] Running step: DF to MD,true,93,/app/server.py,inference,bp-runner,5528481d6508a253,04a540be3acdd6b72656be3047a4689b,0gnL0zTpGH2JeDH3DKIPw7781vF,bp-runner,prod,ip-192-168-54-106.us-west-2.compute.internal,192.168.51.172,bp-runner-d5c86fcfd-xl7tk,2025-02-17T20:12:12Z,10a2f8a4-e9a6-4aee-b8e1-ad293a4fbef0,bp-runner,0.51b0,python,opentelemetry,1.30.0,__main__,,9,INFO,5528481d6508a253,1,04a540be3acdd6b72656be3047a4689b
2025-05-30 00:10:16.822,[BPAgent][run_proc] Uploaded generated_code.txt to S3...,true,93,/app/server.py,inference,bp-runner,5528481d6508a253,04a540be3acdd6b72656be3047a4689b,0gnL0zTKRUigPVbTssVhySue7zN,bp-runner,prod,ip-192-168-54-106.us-west-2.compute.internal,192.168.51.172,bp-runner-d5c86fcfd-xl7tk,2025-02-17T20:12:12Z,10a2f8a4-e9a6-4aee-b8e1-ad293a4fbef0,bp-runner,0.51b0,python,opentelemetry,1.30.0,__main__,,9,INFO,5528481d6508a253,1,04a540be3acdd6b72656be3047a4689b
2025-05-30 00:10:16.694,"[BPAgent][run_proc] Output for Generate Code:            material colour_description  size_code  sales
12  Polyester Blend              Multi          6  10384",true,93,/app/server.py,inference,bp-runner,5528481d6508a253,04a540be3acdd6b72656be3047a4689b,0gnL0zEtwxRmdnmUmJ9pXNG1UW3,bp-runner,prod,ip-192-168-54-106.us-west-2.compute.internal,192.168.51.172,bp-runner-d5c86fcfd-xl7tk,2025-02-17T20:12:12Z,10a2f8a4-e9a6-4aee-b8e1-ad293a4fbef0,bp-runner,0.51b0,python,opentelemetry,1.30.0,__main__,,9,INFO,5528481d6508a253,1,04a540be3acdd6b72656be3047a4689b
2025-05-30 00:10:10.004,"Invalid type NoneType for attribute 'tne.orchestration.step_name' value. Expected one of ['bool', 'str', 'bytes', 'int', 'float'] or a sequence of those types",true,100,/opt/.venv/lib/python3.11/site-packages/opentelemetry/attributes/__init__.py,_clean_attribute,bp-runner,1c9980a0cb6e5661,04a540be3acdd6b72656be3047a4689b,0gnL0n6TlFsBTq7cWYTP6EfKOCm,bp-runner,prod,ip-192-168-54-106.us-west-2.compute.internal,192.168.51.172,bp-runner-d5c86fcfd-xl7tk,2025-02-17T20:12:12Z,10a2f8a4-e9a6-4aee-b8e1-ad293a4fbef0,bp-runner,0.51b0,python,opentelemetry,1.30.0,opentelemetry.attributes,,13,WARN,1c9980a0cb6e5661,1,04a540be3acdd6b72656be3047a4689b
2025-05-30 00:10:10.004,[BPAgent][run_proc] Running step: Generate Code,true,93,/app/server.py,inference,bp-runner,5528481d6508a253,04a540be3acdd6b72656be3047a4689b,0gnL0n6QUbF3HLcEnhnmyVXwX6k,bp-runner,prod,ip-192-168-54-106.us-west-2.compute.internal,192.168.51.172,bp-runner-d5c86fcfd-xl7tk,2025-02-17T20:12:12Z,10a2f8a4-e9a6-4aee-b8e1-ad293a4fbef0,bp-runner,0.51b0,python,opentelemetry,1.30.0,__main__,,9,INFO,5528481d6508a253,1,04a540be3acdd6b72656be3047a4689b
2025-05-30 00:10:10.003,"[BPAgent][run_proc] Output for Ruleset relevance filter: ### Necessary Rules

TERM: ""Product""
DEF: ""A good offered for sale.""
NOTE: ""It is often the leaf of a hierarchy of categorization, e.g. category to subcategory to product.""

TERM: ""Range""
DEF: ""The full set of products sold, unless restricted or qualified in a specific usage.""

TERM: ""Range Segment""
DEF: ""A categorization of the product based on its lifecycle stage (e.g., 'Seasonal', 'Carryover', 'Carryover EOL', 'Newness').""

TERM: ""Newness""
DEF: ""A range_segment indicating recently introduced style-colors.""
NOTE: ""Style-colors with the range_segment 'newness' are collectively referred to as 'newness'.""

TERM: ""Sales""
DEF: ""The number of units sold for a product or group of products in a given period.""
NOTE: ""Sales are aggregated by summing the 'sales' column for the relevant rows.""

TERM: ""Best-Selling""
DEF: ""The product or combination of attributes with the highest total sales.""
NOTE: ""Best-selling is determined by summing the 'sales' column for the relevant group and identifying the group with the highest total.""

TERM: ""Material""
DEF: ""The main material composition of the garment (e.g., 'Nylon', 'Polyester Blend').""

TERM: ""Colour Description""
DEF: ""The description of the color of the garment (e.g., 'Multi', 'Black', 'White').""

TERM: ""Size Code""
DEF: ""A numeric code representing the size of the clothing item (e.g., 0, 2, 4, 6).""

TERM: ""Combination""
DEF: ""A grouping of attributes such as material, color, and size used to identify a specific subset of products.""

TERM: ""Aggregation""
DEF: ""The process of summing or combining data based on specific attributes or groupings.""
NOTE: ""For example, summing sales by material, color, and size to find the best-selling combination.""

TERM: ""Filter""
DEF: ""A process of selecting rows from a dataset based on specific criteria.""
NOTE: ""For example, filtering rows where 'range_segment' is 'Newness' to analyze only new products.""
",true,93,/app/server.py,inference,bp-runner,5528481d6508a253,04a540be3acdd6b72656be3047a4689b,0gnL0n6NG31omMXSRieTzho9FPv,bp-runner,prod,ip-192-168-54-106.us-west-2.compute.internal,192.168.51.172,bp-runner-d5c86fcfd-xl7tk,2025-02-17T20:12:12Z,10a2f8a4-e9a6-4aee-b8e1-ad293a4fbef0,bp-runner,0.51b0,python,opentelemetry,1.30.0,__main__,,9,INFO,5528481d6508a253,1,04a540be3acdd6b72656be3047a4689b
2025-05-30 00:10:03.988,[BPAgent][run_proc] Running step: Ruleset relevance filter,true,93,/app/server.py,inference,bp-runner,5528481d6508a253,04a540be3acdd6b72656be3047a4689b,0gnL0cBqxK7AGaTam1rLk4tVlcG,bp-runner,prod,ip-192-168-54-106.us-west-2.compute.internal,192.168.51.172,bp-runner-d5c86fcfd-xl7tk,2025-02-17T20:12:12Z,10a2f8a4-e9a6-4aee-b8e1-ad293a4fbef0,bp-runner,0.51b0,python,opentelemetry,1.30.0,__main__,,9,INFO,5528481d6508a253,1,04a540be3acdd6b72656be3047a4689b
2025-05-30 00:10:03.987,[Assistant][inference] Running process Womens RTW Chat,true,93,/app/server.py,inference,bp-runner,032c8b5ab72f6b8a,04a540be3acdd6b72656be3047a4689b,0gnL0cBlAUz30LPqWqggBpR86ad,bp-runner,prod,ip-192-168-54-106.us-west-2.compute.internal,192.168.51.172,bp-runner-d5c86fcfd-xl7tk,2025-02-17T20:12:12Z,10a2f8a4-e9a6-4aee-b8e1-ad293a4fbef0,bp-runner,0.51b0,python,opentelemetry,1.30.0,__main__,,9,INFO,032c8b5ab72f6b8a,1,04a540be3acdd6b72656be3047a4689b
2025-05-30 00:10:03.244,[BPAgent][inference] Project Version: de67296b-20250110230159,true,148,/app/server.py,infer,bp-runner,032c8b5ab72f6b8a,04a540be3acdd6b72656be3047a4689b,0gnL0aq7ywAkjmtL7IMhZk6HYfs,bp-runner,prod,ip-192-168-54-106.us-west-2.compute.internal,192.168.51.172,bp-runner-d5c86fcfd-xl7tk,2025-02-17T20:12:12Z,10a2f8a4-e9a6-4aee-b8e1-ad293a4fbef0,bp-runner,0.51b0,python,opentelemetry,1.30.0,__main__,,9,INFO,032c8b5ab72f6b8a,1,04a540be3acdd6b72656be3047a4689b
2025-05-30 00:10:03.243,[BPAgent][inference] Project ID: ie,true,146,/app/server.py,infer,bp-runner,032c8b5ab72f6b8a,04a540be3acdd6b72656be3047a4689b,0gnL0aq6DFmXd04elbtS08Q5Xqe,bp-runner,prod,ip-192-168-54-106.us-west-2.compute.internal,192.168.51.172,bp-runner-d5c86fcfd-xl7tk,2025-02-17T20:12:12Z,10a2f8a4-e9a6-4aee-b8e1-ad293a4fbef0,bp-runner,0.51b0,python,opentelemetry,1.30.0,__main__,,9,INFO,032c8b5ab72f6b8a,1,04a540be3acdd6b72656be3047a4689b
2025-05-30 00:10:03.243,[BPAgent][inference] Query from user 6672ad79aa4d222b65efabd9: ./Womens RTW Chat -- What is the best-selling material-color-size combination among Newness?,true,144,/app/server.py,infer,bp-runner,032c8b5ab72f6b8a,04a540be3acdd6b72656be3047a4689b,0gnL0aq3ztpjUbNUd0IoNs7Kj6D,bp-runner,prod,ip-192-168-54-106.us-west-2.compute.internal,192.168.51.172,bp-runner-d5c86fcfd-xl7tk,2025-02-17T20:12:12Z,10a2f8a4-e9a6-4aee-b8e1-ad293a4fbef0,bp-runner,0.51b0,python,opentelemetry,1.30.0,__main__,,9,INFO,032c8b5ab72f6b8a,1,04a540be3acdd6b72656be3047a4689b
2025-05-30 00:09:57.235,[SlashGPTServer][inference] Response time: 15.021383047103882,true,103,/app/server.py,inference,bp-runner,27c3ff5aff3b2ddd,04a540be3acdd6b72656be3047a4689b,0gnL0PwIXyIw3pGQZDhFGRo6icH,bp-runner,prod,ip-192-168-54-106.us-west-2.compute.internal,192.168.51.172,bp-runner-d5c86fcfd-xl7tk,2025-02-17T20:12:12Z,10a2f8a4-e9a6-4aee-b8e1-ad293a4fbef0,bp-runner,0.51b0,python,opentelemetry,1.30.0,__main__,,9,INFO,27c3ff5aff3b2ddd,1,04a540be3acdd6b72656be3047a4689b
2025-05-30 00:09:57.234,"[BPAgent][run_proc] Output for Chat: ### Demonstrate
You asked for the best-selling material-color combination among products categorized as ""Newness."" The best-selling combination is determined by the highest total sales.

### Explain
The query filtered the dataset to include only rows where the `range_segment` is ""Newness."" The data was then grouped by `material` and `colour_description`, and the total `sales` for each combination was calculated. The results were sorted in descending order of sales, and the top combination was selected.

### Document
From the filtered dataset:
1. Rows with `range_segment` equal to ""Newness"" were selected.
2. The data was grouped by `material` and `colour_description`.
3. The `sales` column was summed for each material-color combination.
4. The results were sorted in descending order of sales.
5. The top result was identified as the best-selling material-color combination.

### Answer
The best-selling material-color combination among ""Newness"" is **Polyester Blend - Multi**, with total sales of **31,515 units**.",true,93,/app/server.py,inference,bp-runner,2d56f859535c01c8,04a540be3acdd6b72656be3047a4689b,0gnL0PwFMd583X2w1GRvoLm3t7s,bp-runner,prod,ip-192-168-54-106.us-west-2.compute.internal,192.168.51.172,bp-runner-d5c86fcfd-xl7tk,2025-02-17T20:12:12Z,10a2f8a4-e9a6-4aee-b8e1-ad293a4fbef0,bp-runner,0.51b0,python,opentelemetry,1.30.0,__main__,,9,INFO,2d56f859535c01c8,1,04a540be3acdd6b72656be3047a4689b
2025-05-30 00:09:54.571,"[Assistant][call_llm] Received question: [Context query: What is the best-selling material-colour combination among Newness?] [Current input: | material        | colour_description   |   sales |
|:----------------|:---------------------|--------:|
| Polyester Blend | Multi                |   31515 |]",true,93,/app/server.py,inference,bp-runner,7c7bc6939b3cbc8f,04a540be3acdd6b72656be3047a4689b,0gnL0L6ezs7VNhXDx3BsS88X4YX,bp-runner,prod,ip-192-168-54-106.us-west-2.compute.internal,192.168.51.172,bp-runner-d5c86fcfd-xl7tk,2025-02-17T20:12:12Z,10a2f8a4-e9a6-4aee-b8e1-ad293a4fbef0,bp-runner,0.51b0,python,opentelemetry,1.30.0,__main__,,9,INFO,7c7bc6939b3cbc8f,1,04a540be3acdd6b72656be3047a4689b
2025-05-30 00:09:53.617,[BPAgent][run_proc] Running step: Chat,true,93,/app/server.py,inference,bp-runner,2d56f859535c01c8,04a540be3acdd6b72656be3047a4689b,0gnL0JNQGrf4TJjWod9UaLjKFAG,bp-runner,prod,ip-192-168-54-106.us-west-2.compute.internal,192.168.51.172,bp-runner-d5c86fcfd-xl7tk,2025-02-17T20:12:12Z,10a2f8a4-e9a6-4aee-b8e1-ad293a4fbef0,bp-runner,0.51b0,python,opentelemetry,1.30.0,__main__,,9,INFO,2d56f859535c01c8,1,04a540be3acdd6b72656be3047a4689b