timestamp,body,log,log.file.path,log.iostream,logtag,time,id,k8s.container.name,k8s.container.restart_count,k8s.namespace.name,k8s.pod.name,k8s.pod.uid,scope_name,scope_version,severity_number,severity_text,span_id,trace_flags,trace_id
2025-05-29 23:33:39.134,"2025-05-30T06:33:39.134089397Z stdout F INFO:     127.0.0.6:56979 - ""GET /health HTTP/1.1"" 200 OK","INFO:     127.0.0.6:56979 - ""GET /health HTTP/1.1"" 200 OK",/var/log/pods/dev_studio-api-5fc456d47b-rfq5w_2d6ccd78-fe8f-43cd-be1e-3eb5c8153aa6/studio-api/0.log,stdout,F,2025-05-30T06:33:39.134089397Z,0gnJygi7NZzPSloHUbyzo7lYKln,studio-api,0,dev,studio-api-5fc456d47b-rfq5w,2d6ccd78-fe8f-43cd-be1e-3eb5c8153aa6,,,0,,,0,
2025-05-29 23:33:39.133,"2025-05-30T06:33:39.133805329Z stdout F INFO:     127.0.0.6:38653 - ""GET /health HTTP/1.1"" 200 OK","INFO:     127.0.0.6:38653 - ""GET /health HTTP/1.1"" 200 OK",/var/log/pods/dev_studio-api-5fc456d47b-rfq5w_2d6ccd78-fe8f-43cd-be1e-3eb5c8153aa6/studio-api/0.log,stdout,F,2025-05-30T06:33:39.133805329Z,0gnJygi5OlSG4vNWY7plbDCMfBe,studio-api,0,dev,studio-api-5fc456d47b-rfq5w,2d6ccd78-fe8f-43cd-be1e-3eb5c8153aa6,,,0,,,0,
2025-05-29 23:33:35.559,"2025-05-30T06:33:35.559535512Z stdout F INFO:     127.0.0.6:33711 - ""GET /health HTTP/1.1"" 200 OK","INFO:     127.0.0.6:33711 - ""GET /health HTTP/1.1"" 200 OK",/var/log/pods/prod_studio-api-5cf78f7746-t4qwl_83705cb9-3391-4e21-9a1c-2824b84e6176/studio-api/6.log,stdout,F,2025-05-30T06:33:35.559535512Z,0gnJyaE4zamyNTKwaBEZkVeUrgv,studio-api,6,prod,studio-api-5cf78f7746-t4qwl,83705cb9-3391-4e21-9a1c-2824b84e6176,,,0,,,0,
2025-05-29 23:33:35.559,"2025-05-30T06:33:35.559199656Z stdout F INFO:     127.0.0.6:53423 - ""GET /health HTTP/1.1"" 200 OK","INFO:     127.0.0.6:53423 - ""GET /health HTTP/1.1"" 200 OK",/var/log/pods/prod_studio-api-5cf78f7746-t4qwl_83705cb9-3391-4e21-9a1c-2824b84e6176/studio-api/6.log,stdout,F,2025-05-30T06:33:35.559199656Z,0gnJyaE2eO3aCXPy38cHgSdhHpp,studio-api,6,prod,studio-api-5cf78f7746-t4qwl,83705cb9-3391-4e21-9a1c-2824b84e6176,,,0,,,0,
2025-05-29 23:33:34.968,"2025-05-30T06:33:34.968659716Z stderr F {""level"":""info"",""ts"":""2025-05-30T06:33:34.968Z"",""logger"":""event-server"",""msg"":""discarding event, no alerts found for the involved object"",""eventInvolvedObject"":{""kind"":""Kustomization"",""namespace"":""flux-system"",""name"":""bi-agent-dev"",""uid"":""fe5b4a38-ca08-4aeb-a42b-5b7382e40d91"",""apiVersion"":""kustomize.toolkit.fluxcd.io/v1"",""resourceVersion"":""415251376""}}","{""level"":""info"",""ts"":""2025-05-30T06:33:34.968Z"",""logger"":""event-server"",""msg"":""discarding event, no alerts found for the involved object"",""eventInvolvedObject"":{""kind"":""Kustomization"",""namespace"":""flux-system"",""name"":""bi-agent-dev"",""uid"":""fe5b4a38-ca08-4aeb-a42b-5b7382e40d91"",""apiVersion"":""kustomize.toolkit.fluxcd.io/v1"",""resourceVersion"":""415251376""}}",/var/log/pods/flux-system_notification-controller-685bdc466d-5pknw_a6e49d9b-bfa3-4c66-a796-dfd04ac4a6f0/manager/0.log,stderr,F,2025-05-30T06:33:34.968659716Z,0gnJyZ9ce8sWj9gj1K6gYYlZ0zf,manager,0,flux-system,notification-controller-685bdc466d-5pknw,a6e49d9b-bfa3-4c66-a796-dfd04ac4a6f0,,,0,,,0,
2025-05-29 23:33:34.968,"2025-05-30T06:33:34.968296361Z stderr F {""level"":""info"",""ts"":""2025-05-30T06:33:34.968Z"",""msg"":""Reconciliation finished in 374.936383ms, next run in 3m0s"",""controller"":""kustomization"",""controllerGroup"":""kustomize.toolkit.fluxcd.io"",""controllerKind"":""Kustomization"",""Kustomization"":{""name"":""bi-agent-dev"",""namespace"":""flux-system""},""namespace"":""flux-system"",""name"":""bi-agent-dev"",""reconcileID"":""3a012f61-9a23-407b-a824-4183b395dadd"",""revision"":""main@sha1:74a16c4ecc0bfdc744afab932786ea6d24c2f592""}","{""level"":""info"",""ts"":""2025-05-30T06:33:34.968Z"",""msg"":""Reconciliation finished in 374.936383ms, next run in 3m0s"",""controller"":""kustomization"",""controllerGroup"":""kustomize.toolkit.fluxcd.io"",""controllerKind"":""Kustomization"",""Kustomization"":{""name"":""bi-agent-dev"",""namespace"":""flux-system""},""namespace"":""flux-system"",""name"":""bi-agent-dev"",""reconcileID"":""3a012f61-9a23-407b-a824-4183b395dadd"",""revision"":""main@sha1:74a16c4ecc0bfdc744afab932786ea6d24c2f592""}",/var/log/pods/flux-system_kustomize-controller-5f58d55f76-f9k8v_e10f666b-9971-42bb-a8ec-788fa095e4c8/manager/0.log,stderr,F,2025-05-30T06:33:34.968296361Z,0gnJyZ9a732i2Yd8m0fIO8L1Vmu,manager,0,flux-system,kustomize-controller-5f58d55f76-f9k8v,e10f666b-9971-42bb-a8ec-788fa095e4c8,,,0,,,0,
2025-05-29 23:33:34.916,"2025-05-30T06:33:34.916969161Z stderr F {""level"":""info"",""ts"":""2025-05-30T06:33:34.916Z"",""msg"":""server-side apply completed"",""controller"":""kustomization"",""controllerGroup"":""kustomize.toolkit.fluxcd.io"",""controllerKind"":""Kustomization"",""Kustomization"":{""name"":""bi-agent-dev"",""namespace"":""flux-system""},""namespace"":""flux-system"",""name"":""bi-agent-dev"",""reconcileID"":""3a012f61-9a23-407b-a824-4183b395dadd"",""output"":{""ConfigMap/dev/bi-agent-config-kf979bf8b5"":""unchanged"",""ConfigMap/dev/bp-runner-config-base-dfdbgb5kb8"":""unchanged"",""ConfigMap/dev/bp-runner-override-b75kgddm42"":""unchanged"",""Deployment/dev/bp-runner"":""unchanged"",""Service/dev/bp-runner-svc"":""unchanged""},""revision"":""main@sha1:74a16c4ecc0bfdc744afab932786ea6d24c2f592""}","{""level"":""info"",""ts"":""2025-05-30T06:33:34.916Z"",""msg"":""server-side apply completed"",""controller"":""kustomization"",""controllerGroup"":""kustomize.toolkit.fluxcd.io"",""controllerKind"":""Kustomization"",""Kustomization"":{""name"":""bi-agent-dev"",""namespace"":""flux-system""},""namespace"":""flux-system"",""name"":""bi-agent-dev"",""reconcileID"":""3a012f61-9a23-407b-a824-4183b395dadd"",""output"":{""ConfigMap/dev/bi-agent-config-kf979bf8b5"":""unchanged"",""ConfigMap/dev/bp-runner-config-base-dfdbgb5kb8"":""unchanged"",""ConfigMap/dev/bp-runner-override-b75kgddm42"":""unchanged"",""Deployment/dev/bp-runner"":""unchanged"",""Service/dev/bp-runner-svc"":""unchanged""},""revision"":""main@sha1:74a16c4ecc0bfdc744afab932786ea6d24c2f592""}",/var/log/pods/flux-system_kustomize-controller-5f58d55f76-f9k8v_e10f666b-9971-42bb-a8ec-788fa095e4c8/manager/0.log,stderr,F,2025-05-30T06:33:34.916969161Z,0gnJyZ3oC3RAU3Iah2ahIBcIGXm,manager,0,flux-system,kustomize-controller-5f58d55f76-f9k8v,e10f666b-9971-42bb-a8ec-788fa095e4c8,,,0,,,0,
2025-05-29 23:33:30.132,"2025-05-30T06:33:30.132472493Z stderr F I0530 06:33:30.132423       1 nfd-worker.go:577] ""feature discovery completed""","I0530 06:33:30.132423       1 nfd-worker.go:577] ""feature discovery completed""",/var/log/pods/gpu-operator_gpu-operator-1698729972-node-feature-discovery-worker-rxkvp_8f272d1d-de60-447a-ad42-47051a147d0b/worker/0.log,stderr,F,2025-05-30T06:33:30.132472493Z,0gnJyQNgWskPQB13KcQHmRKdKbw,worker,0,gpu-operator,gpu-operator-1698729972-node-feature-discovery-worker-rxkvp,8f272d1d-de60-447a-ad42-47051a147d0b,,,0,,,0,
2025-05-29 23:33:30.132,"2025-05-30T06:33:30.13224922Z stderr F I0530 06:33:30.132187       1 nfd-worker.go:562] ""starting feature discovery...""","I0530 06:33:30.132187       1 nfd-worker.go:562] ""starting feature discovery...""",/var/log/pods/gpu-operator_gpu-operator-1698729972-node-feature-discovery-worker-rxkvp_8f272d1d-de60-447a-ad42-47051a147d0b/worker/0.log,stderr,F,2025-05-30T06:33:30.13224922Z,0gnJyQNeyLrAfx9eG4KtERkCBN1,worker,0,gpu-operator,gpu-operator-1698729972-node-feature-discovery-worker-rxkvp,8f272d1d-de60-447a-ad42-47051a147d0b,,,0,,,0,
2025-05-29 23:33:30.130,"2025-05-30T06:33:30.13082091Z stderr F E0530 06:33:30.130799       1 network.go:143] ""failed to read net iface attribute"" err=""read /host-sys/class/net/eth2/speed: invalid argument"" attributeName=""speed""","E0530 06:33:30.130799       1 network.go:143] ""failed to read net iface attribute"" err=""read /host-sys/class/net/eth2/speed: invalid argument"" attributeName=""speed""",/var/log/pods/gpu-operator_gpu-operator-1698729972-node-feature-discovery-worker-rxkvp_8f272d1d-de60-447a-ad42-47051a147d0b/worker/0.log,stderr,F,2025-05-30T06:33:30.13082091Z,0gnJyQNV0pZLmnBFSRe5GlLFMsA,worker,0,gpu-operator,gpu-operator-1698729972-node-feature-discovery-worker-rxkvp,8f272d1d-de60-447a-ad42-47051a147d0b,,,0,,,0,
2025-05-29 23:33:30.130,"2025-05-30T06:33:30.130806814Z stderr F E0530 06:33:30.130701       1 network.go:143] ""failed to read net iface attribute"" err=""read /host-sys/class/net/eth1/speed: invalid argument"" attributeName=""speed""","E0530 06:33:30.130701       1 network.go:143] ""failed to read net iface attribute"" err=""read /host-sys/class/net/eth1/speed: invalid argument"" attributeName=""speed""",/var/log/pods/gpu-operator_gpu-operator-1698729972-node-feature-discovery-worker-rxkvp_8f272d1d-de60-447a-ad42-47051a147d0b/worker/0.log,stderr,F,2025-05-30T06:33:30.130806814Z,0gnJyQNUujjD1vfuDTd5umikjeJ,worker,0,gpu-operator,gpu-operator-1698729972-node-feature-discovery-worker-rxkvp,8f272d1d-de60-447a-ad42-47051a147d0b,,,0,,,0,
2025-05-29 23:33:30.130,"2025-05-30T06:33:30.130732774Z stderr F E0530 06:33:30.130599       1 network.go:143] ""failed to read net iface attribute"" err=""read /host-sys/class/net/eth0/speed: invalid argument"" attributeName=""speed""","E0530 06:33:30.130599       1 network.go:143] ""failed to read net iface attribute"" err=""read /host-sys/class/net/eth0/speed: invalid argument"" attributeName=""speed""",/var/log/pods/gpu-operator_gpu-operator-1698729972-node-feature-discovery-worker-rxkvp_8f272d1d-de60-447a-ad42-47051a147d0b/worker/0.log,stderr,F,2025-05-30T06:33:30.130732774Z,0gnJyQNUOj3QbBdl0MXdi7Z4pDY,worker,0,gpu-operator,gpu-operator-1698729972-node-feature-discovery-worker-rxkvp,8f272d1d-de60-447a-ad42-47051a147d0b,,,0,,,0,
2025-05-29 23:33:29.953,"2025-05-30T06:33:29.953114475Z stderr F {""level"":""info"",""ts"":1748586809.9529886,""logger"":""controllers.Upgrade"",""msg"":""State Manager, finished processing""}","{""level"":""info"",""ts"":1748586809.9529886,""logger"":""controllers.Upgrade"",""msg"":""State Manager, finished processing""}",/var/log/pods/gpu-operator_gpu-operator-6f9597d9df-mzwf5_9a1f60f5-9b01-43b9-9a9c-408c265868b9/gpu-operator/0.log,stderr,F,2025-05-30T06:33:29.953114475Z,0gnJyQ3VoZBE8VlcuUeviSTiEVX,gpu-operator,0,gpu-operator,gpu-operator-6f9597d9df-mzwf5,9a1f60f5-9b01-43b9-9a9c-408c265868b9,,,0,,,0,
2025-05-29 23:33:29.953,"2025-05-30T06:33:29.953110819Z stderr F {""level"":""info"",""ts"":1748586809.9529855,""logger"":""controllers.Upgrade"",""msg"":""ProcessUncordonRequiredNodes""}","{""level"":""info"",""ts"":1748586809.9529855,""logger"":""controllers.Upgrade"",""msg"":""ProcessUncordonRequiredNodes""}",/var/log/pods/gpu-operator_gpu-operator-6f9597d9df-mzwf5_9a1f60f5-9b01-43b9-9a9c-408c265868b9/gpu-operator/0.log,stderr,F,2025-05-30T06:33:29.953110819Z,0gnJyQ3VmzBf5Zf3TSp43kG5J9B,gpu-operator,0,gpu-operator,gpu-operator-6f9597d9df-mzwf5,9a1f60f5-9b01-43b9-9a9c-408c265868b9,,,0,,,0,
2025-05-29 23:33:29.953,"2025-05-30T06:33:29.953096825Z stderr F {""level"":""info"",""ts"":1748586809.9529822,""logger"":""controllers.Upgrade"",""msg"":""ProcessValidationRequiredNodes""}","{""level"":""info"",""ts"":1748586809.9529822,""logger"":""controllers.Upgrade"",""msg"":""ProcessValidationRequiredNodes""}",/var/log/pods/gpu-operator_gpu-operator-6f9597d9df-mzwf5_9a1f60f5-9b01-43b9-9a9c-408c265868b9/gpu-operator/0.log,stderr,F,2025-05-30T06:33:29.953096825Z,0gnJyQ3Vgw3ZOh4eiH1OsmZciRE,gpu-operator,0,gpu-operator,gpu-operator-6f9597d9df-mzwf5,9a1f60f5-9b01-43b9-9a9c-408c265868b9,,,0,,,0,
2025-05-29 23:33:29.953,"2025-05-30T06:33:29.953093803Z stderr F {""level"":""info"",""ts"":1748586809.9529796,""logger"":""controllers.Upgrade"",""msg"":""ProcessUpgradeFailedNodes""}","{""level"":""info"",""ts"":1748586809.9529796,""logger"":""controllers.Upgrade"",""msg"":""ProcessUpgradeFailedNodes""}",/var/log/pods/gpu-operator_gpu-operator-6f9597d9df-mzwf5_9a1f60f5-9b01-43b9-9a9c-408c265868b9/gpu-operator/0.log,stderr,F,2025-05-30T06:33:29.953093803Z,0gnJyQ3Vfd419INP0ohsdmU8r4R,gpu-operator,0,gpu-operator,gpu-operator-6f9597d9df-mzwf5,9a1f60f5-9b01-43b9-9a9c-408c265868b9,,,0,,,0,
2025-05-29 23:33:29.953,"2025-05-30T06:33:29.953083822Z stderr F {""level"":""info"",""ts"":1748586809.9529755,""logger"":""controllers.Upgrade"",""msg"":""No pods scheduled to restart""}","{""level"":""info"",""ts"":1748586809.9529755,""logger"":""controllers.Upgrade"",""msg"":""No pods scheduled to restart""}",/var/log/pods/gpu-operator_gpu-operator-6f9597d9df-mzwf5_9a1f60f5-9b01-43b9-9a9c-408c265868b9/gpu-operator/0.log,stderr,F,2025-05-30T06:33:29.953083822Z,0gnJyQ3VbJWE7vPCsaESCzXDy9T,gpu-operator,0,gpu-operator,gpu-operator-6f9597d9df-mzwf5,9a1f60f5-9b01-43b9-9a9c-408c265868b9,,,0,,,0,
2025-05-29 23:33:29.953,"2025-05-30T06:33:29.953080593Z stderr F {""level"":""info"",""ts"":1748586809.9529727,""logger"":""controllers.Upgrade"",""msg"":""Starting Pod Delete""}","{""level"":""info"",""ts"":1748586809.9529727,""logger"":""controllers.Upgrade"",""msg"":""Starting Pod Delete""}",/var/log/pods/gpu-operator_gpu-operator-6f9597d9df-mzwf5_9a1f60f5-9b01-43b9-9a9c-408c265868b9/gpu-operator/0.log,stderr,F,2025-05-30T06:33:29.953080593Z,0gnJyQ3VZuyCuBrDcx0NImGCdE8,gpu-operator,0,gpu-operator,gpu-operator-6f9597d9df-mzwf5,9a1f60f5-9b01-43b9-9a9c-408c265868b9,,,0,,,0,
2025-05-29 23:33:29.953,"2025-05-30T06:33:29.953077789Z stderr F {""level"":""info"",""ts"":1748586809.9529684,""logger"":""controllers.Upgrade"",""msg"":""ProcessPodRestartNodes""}","{""level"":""info"",""ts"":1748586809.9529684,""logger"":""controllers.Upgrade"",""msg"":""ProcessPodRestartNodes""}",/var/log/pods/gpu-operator_gpu-operator-6f9597d9df-mzwf5_9a1f60f5-9b01-43b9-9a9c-408c265868b9/gpu-operator/0.log,stderr,F,2025-05-30T06:33:29.953077789Z,0gnJyQ3VYhncP1k2P37tbfHFBpl,gpu-operator,0,gpu-operator,gpu-operator-6f9597d9df-mzwf5,9a1f60f5-9b01-43b9-9a9c-408c265868b9,,,0,,,0,
2025-05-29 23:33:29.953,"2025-05-30T06:33:29.953075189Z stderr F {""level"":""info"",""ts"":1748586809.9529645,""logger"":""controllers.Upgrade"",""msg"":""Node drain is disabled by policy, skipping this step""}","{""level"":""info"",""ts"":1748586809.9529645,""logger"":""controllers.Upgrade"",""msg"":""Node drain is disabled by policy, skipping this step""}",/var/log/pods/gpu-operator_gpu-operator-6f9597d9df-mzwf5_9a1f60f5-9b01-43b9-9a9c-408c265868b9/gpu-operator/0.log,stderr,F,2025-05-30T06:33:29.953075189Z,0gnJyQ3VXa6DI857SQj5vrZkXGq,gpu-operator,0,gpu-operator,gpu-operator-6f9597d9df-mzwf5,9a1f60f5-9b01-43b9-9a9c-408c265868b9,,,0,,,0,
2025-05-29 23:33:29.953,"2025-05-30T06:33:29.953072277Z stderr F {""level"":""info"",""ts"":1748586809.9529612,""logger"":""controllers.Upgrade"",""msg"":""ProcessDrainNodes""}","{""level"":""info"",""ts"":1748586809.9529612,""logger"":""controllers.Upgrade"",""msg"":""ProcessDrainNodes""}",/var/log/pods/gpu-operator_gpu-operator-6f9597d9df-mzwf5_9a1f60f5-9b01-43b9-9a9c-408c265868b9/gpu-operator/0.log,stderr,F,2025-05-30T06:33:29.953072277Z,0gnJyQ3VWK34vdep7aeQI8whLE3,gpu-operator,0,gpu-operator,gpu-operator-6f9597d9df-mzwf5,9a1f60f5-9b01-43b9-9a9c-408c265868b9,,,0,,,0,
2025-05-29 23:33:29.953,"2025-05-30T06:33:29.953069628Z stderr F {""level"":""info"",""ts"":1748586809.9529564,""logger"":""controllers.Upgrade"",""msg"":""ProcessPodDeletionRequiredNodes""}","{""level"":""info"",""ts"":1748586809.9529564,""logger"":""controllers.Upgrade"",""msg"":""ProcessPodDeletionRequiredNodes""}",/var/log/pods/gpu-operator_gpu-operator-6f9597d9df-mzwf5_9a1f60f5-9b01-43b9-9a9c-408c265868b9/gpu-operator/0.log,stderr,F,2025-05-30T06:33:29.953069628Z,0gnJyQ3VVB1xaO9Qs7rzmWhK2mG,gpu-operator,0,gpu-operator,gpu-operator-6f9597d9df-mzwf5,9a1f60f5-9b01-43b9-9a9c-408c265868b9,,,0,,,0,
2025-05-29 23:33:29.953,"2025-05-30T06:33:29.953066821Z stderr F {""level"":""info"",""ts"":1748586809.9529529,""logger"":""controllers.Upgrade"",""msg"":""ProcessWaitForJobsRequiredNodes""}","{""level"":""info"",""ts"":1748586809.9529529,""logger"":""controllers.Upgrade"",""msg"":""ProcessWaitForJobsRequiredNodes""}",/var/log/pods/gpu-operator_gpu-operator-6f9597d9df-mzwf5_9a1f60f5-9b01-43b9-9a9c-408c265868b9/gpu-operator/0.log,stderr,F,2025-05-30T06:33:29.953066821Z,0gnJyQ3VTxncX60iIvWHi3ARH8Y,gpu-operator,0,gpu-operator,gpu-operator-6f9597d9df-mzwf5,9a1f60f5-9b01-43b9-9a9c-408c265868b9,,,0,,,0,
2025-05-29 23:33:29.953,"2025-05-30T06:33:29.953064017Z stderr F {""level"":""info"",""ts"":1748586809.95295,""logger"":""controllers.Upgrade"",""msg"":""ProcessCordonRequiredNodes""}","{""level"":""info"",""ts"":1748586809.95295,""logger"":""controllers.Upgrade"",""msg"":""ProcessCordonRequiredNodes""}",/var/log/pods/gpu-operator_gpu-operator-6f9597d9df-mzwf5_9a1f60f5-9b01-43b9-9a9c-408c265868b9/gpu-operator/0.log,stderr,F,2025-05-30T06:33:29.953064017Z,0gnJyQ3VSkdY7WMQC5vvwePUaQq,gpu-operator,0,gpu-operator,gpu-operator-6f9597d9df-mzwf5,9a1f60f5-9b01-43b9-9a9c-408c265868b9,,,0,,,0,
2025-05-29 23:33:29.953,"2025-05-30T06:33:29.953061239Z stderr F {""level"":""info"",""ts"":1748586809.952947,""logger"":""controllers.Upgrade"",""msg"":""ProcessUpgradeRequiredNodes""}","{""level"":""info"",""ts"":1748586809.952947,""logger"":""controllers.Upgrade"",""msg"":""ProcessUpgradeRequiredNodes""}",/var/log/pods/gpu-operator_gpu-operator-6f9597d9df-mzwf5_9a1f60f5-9b01-43b9-9a9c-408c265868b9/gpu-operator/0.log,stderr,F,2025-05-30T06:33:29.953061239Z,0gnJyQ3VRYAlB08sMo66LJGYeve,gpu-operator,0,gpu-operator,gpu-operator-6f9597d9df-mzwf5,9a1f60f5-9b01-43b9-9a9c-408c265868b9,,,0,,,0,
2025-05-29 23:33:29.953,"2025-05-30T06:33:29.953058746Z stderr F {""level"":""info"",""ts"":1748586809.952944,""logger"":""controllers.Upgrade"",""msg"":""ProcessDoneOrUnknownNodes""}","{""level"":""info"",""ts"":1748586809.952944,""logger"":""controllers.Upgrade"",""msg"":""ProcessDoneOrUnknownNodes""}",/var/log/pods/gpu-operator_gpu-operator-6f9597d9df-mzwf5_9a1f60f5-9b01-43b9-9a9c-408c265868b9/gpu-operator/0.log,stderr,F,2025-05-30T06:33:29.953058746Z,0gnJyQ3VQTM1UbBNcmnIMZwa8CO,gpu-operator,0,gpu-operator,gpu-operator-6f9597d9df-mzwf5,9a1f60f5-9b01-43b9-9a9c-408c265868b9,,,0,,,0,
2025-05-29 23:33:29.953,"2025-05-30T06:33:29.953055743Z stderr F {""level"":""info"",""ts"":1748586809.9529407,""logger"":""controllers.Upgrade"",""msg"":""ProcessDoneOrUnknownNodes""}","{""level"":""info"",""ts"":1748586809.9529407,""logger"":""controllers.Upgrade"",""msg"":""ProcessDoneOrUnknownNodes""}",/var/log/pods/gpu-operator_gpu-operator-6f9597d9df-mzwf5_9a1f60f5-9b01-43b9-9a9c-408c265868b9/gpu-operator/0.log,stderr,F,2025-05-30T06:33:29.953055743Z,0gnJyQ3VPArCuq65IrM8BZ5F4HH,gpu-operator,0,gpu-operator,gpu-operator-6f9597d9df-mzwf5,9a1f60f5-9b01-43b9-9a9c-408c265868b9,,,0,,,0,
2025-05-29 23:33:29.953,"2025-05-30T06:33:29.953039753Z stderr F {""level"":""info"",""ts"":1748586809.9529362,""logger"":""controllers.Upgrade"",""msg"":""Upgrades in progress"",""currently in progress"":0,""max parallel upgrades"":1,""upgrade slots available"":0,""currently unavailable nodes"":0,""total number of nodes"":0,""maximum nodes that can be unavailable"":0}","{""level"":""info"",""ts"":1748586809.9529362,""logger"":""controllers.Upgrade"",""msg"":""Upgrades in progress"",""currently in progress"":0,""max parallel upgrades"":1,""upgrade slots available"":0,""currently unavailable nodes"":0,""total number of nodes"":0,""maximum nodes that can be unavailable"":0}",/var/log/pods/gpu-operator_gpu-operator-6f9597d9df-mzwf5_9a1f60f5-9b01-43b9-9a9c-408c265868b9/gpu-operator/0.log,stderr,F,2025-05-30T06:33:29.953039753Z,0gnJyQ3VIGE111YODZ8VYtOz1OK,gpu-operator,0,gpu-operator,gpu-operator-6f9597d9df-mzwf5,9a1f60f5-9b01-43b9-9a9c-408c265868b9,,,0,,,0,
2025-05-29 23:33:29.953,"2025-05-30T06:33:29.953034929Z stderr F {""level"":""info"",""ts"":1748586809.9529264,""logger"":""controllers.Upgrade"",""msg"":""Node states:"",""Unknown"":0,""upgrade-done"":0,""upgrade-required"":0,""cordon-required"":0,""wait-for-jobs-required"":0,""pod-deletion-required"":0,""upgrade-failed"":0,""drain-required"":0,""pod-restart-required"":0,""validation-required"":0,""uncordon-required"":0}","{""level"":""info"",""ts"":1748586809.9529264,""logger"":""controllers.Upgrade"",""msg"":""Node states:"",""Unknown"":0,""upgrade-done"":0,""upgrade-required"":0,""cordon-required"":0,""wait-for-jobs-required"":0,""pod-deletion-required"":0,""upgrade-failed"":0,""drain-required"":0,""pod-restart-required"":0,""validation-required"":0,""uncordon-required"":0}",/var/log/pods/gpu-operator_gpu-operator-6f9597d9df-mzwf5_9a1f60f5-9b01-43b9-9a9c-408c265868b9/gpu-operator/0.log,stderr,F,2025-05-30T06:33:29.953034929Z,0gnJyQ3VGAvL5p9pBqxFz7Wugk6,gpu-operator,0,gpu-operator,gpu-operator-6f9597d9df-mzwf5,9a1f60f5-9b01-43b9-9a9c-408c265868b9,,,0,,,0,
2025-05-29 23:33:29.953,"2025-05-30T06:33:29.953028978Z stderr F {""level"":""info"",""ts"":1748586809.9529223,""logger"":""controllers.Upgrade"",""msg"":""State Manager, got state update""}","{""level"":""info"",""ts"":1748586809.9529223,""logger"":""controllers.Upgrade"",""msg"":""State Manager, got state update""}",/var/log/pods/gpu-operator_gpu-operator-6f9597d9df-mzwf5_9a1f60f5-9b01-43b9-9a9c-408c265868b9/gpu-operator/0.log,stderr,F,2025-05-30T06:33:29.953028978Z,0gnJyQ3VDbOeGfBpvx8fXDnShIE,gpu-operator,0,gpu-operator,gpu-operator-6f9597d9df-mzwf5,9a1f60f5-9b01-43b9-9a9c-408c265868b9,,,0,,,0,
2025-05-29 23:33:29.953,"2025-05-30T06:33:29.953006266Z stderr F {""level"":""info"",""ts"":1748586809.9529,""logger"":""controllers.Upgrade"",""msg"":""Propagate state to state manager"",""upgrade"":{""name"":""cluster-policy""}}","{""level"":""info"",""ts"":1748586809.9529,""logger"":""controllers.Upgrade"",""msg"":""Propagate state to state manager"",""upgrade"":{""name"":""cluster-policy""}}",/var/log/pods/gpu-operator_gpu-operator-6f9597d9df-mzwf5_9a1f60f5-9b01-43b9-9a9c-408c265868b9/gpu-operator/0.log,stderr,F,2025-05-30T06:33:29.953006266Z,0gnJyQ3V3mbP9cEaerpZ17wAyF7,gpu-operator,0,gpu-operator,gpu-operator-6f9597d9df-mzwf5,9a1f60f5-9b01-43b9-9a9c-408c265868b9,,,0,,,0,
2025-05-29 23:33:29.941,"2025-05-30T06:33:29.941315908Z stderr F {""level"":""info"",""ts"":1748586809.9412146,""logger"":""controllers.Upgrade"",""msg"":""Building state""}","{""level"":""info"",""ts"":1748586809.9412146,""logger"":""controllers.Upgrade"",""msg"":""Building state""}",/var/log/pods/gpu-operator_gpu-operator-6f9597d9df-mzwf5_9a1f60f5-9b01-43b9-9a9c-408c265868b9/gpu-operator/0.log,stderr,F,2025-05-30T06:33:29.941315908Z,0gnJyQ2BXWtp5xNBqkpgwirshed,gpu-operator,0,gpu-operator,gpu-operator-6f9597d9df-mzwf5,9a1f60f5-9b01-43b9-9a9c-408c265868b9,,,0,,,0,
2025-05-29 23:33:29.941,"2025-05-30T06:33:29.941298882Z stderr F {""level"":""info"",""ts"":1748586809.9411826,""logger"":""controllers.Upgrade"",""msg"":""Using label selector"",""upgrade"":{""name"":""cluster-policy""},""key"":""app"",""value"":""nvidia-driver-daemonset""}","{""level"":""info"",""ts"":1748586809.9411826,""logger"":""controllers.Upgrade"",""msg"":""Using label selector"",""upgrade"":{""name"":""cluster-policy""},""key"":""app"",""value"":""nvidia-driver-daemonset""}",/var/log/pods/gpu-operator_gpu-operator-6f9597d9df-mzwf5_9a1f60f5-9b01-43b9-9a9c-408c265868b9/gpu-operator/0.log,stderr,F,2025-05-30T06:33:29.941298882Z,0gnJyQ2BQAWKGjhJ06e7Qofu5nd,gpu-operator,0,gpu-operator,gpu-operator-6f9597d9df-mzwf5,9a1f60f5-9b01-43b9-9a9c-408c265868b9,,,0,,,0,
2025-05-29 23:33:29.941,"2025-05-30T06:33:29.9412174Z stderr F {""level"":""info"",""ts"":1748586809.9411175,""logger"":""controllers.Upgrade"",""msg"":""Reconciling Upgrade"",""upgrade"":{""name"":""cluster-policy""}}","{""level"":""info"",""ts"":1748586809.9411175,""logger"":""controllers.Upgrade"",""msg"":""Reconciling Upgrade"",""upgrade"":{""name"":""cluster-policy""}}",/var/log/pods/gpu-operator_gpu-operator-6f9597d9df-mzwf5_9a1f60f5-9b01-43b9-9a9c-408c265868b9/gpu-operator/0.log,stderr,F,2025-05-30T06:33:29.9412174Z,0gnJyQ2AqwNheCgUA7dj4dtVpqq,gpu-operator,0,gpu-operator,gpu-operator-6f9597d9df-mzwf5,9a1f60f5-9b01-43b9-9a9c-408c265868b9,,,0,,,0,
2025-05-29 23:33:29.545,2025-05-30T06:33:29.545683725Z stderr F E0530 06:33:29.545576       1 reflector.go:147] k8s.io/client-go@v0.28.0/tools/cache/reflector.go:229: Failed to watch *v1.VolumeSnapshotClass: failed to list *v1.VolumeSnapshotClass: the server could not find the requested resource (get volumesnapshotclasses.snapshot.storage.k8s.io),E0530 06:33:29.545576       1 reflector.go:147] k8s.io/client-go@v0.28.0/tools/cache/reflector.go:229: Failed to watch *v1.VolumeSnapshotClass: failed to list *v1.VolumeSnapshotClass: the server could not find the requested resource (get volumesnapshotclasses.snapshot.storage.k8s.io),/var/log/pods/kube-system_ebs-csi-controller-77879c8496-2shk6_d2fe30d5-90b4-46a9-b8e3-8d382b99f6a9/csi-snapshotter/4.log,stderr,F,2025-05-30T06:33:29.545683725Z,0gnJyPJggQtshXVqQpQEoaYPGbA,csi-snapshotter,4,kube-system,ebs-csi-controller-77879c8496-2shk6,d2fe30d5-90b4-46a9-b8e3-8d382b99f6a9,,,0,,,0,
2025-05-29 23:33:29.545,2025-05-30T06:33:29.54564507Z stderr F W0530 06:33:29.545546       1 reflector.go:535] k8s.io/client-go@v0.28.0/tools/cache/reflector.go:229: failed to list *v1.VolumeSnapshotClass: the server could not find the requested resource (get volumesnapshotclasses.snapshot.storage.k8s.io),W0530 06:33:29.545546       1 reflector.go:535] k8s.io/client-go@v0.28.0/tools/cache/reflector.go:229: failed to list *v1.VolumeSnapshotClass: the server could not find the requested resource (get volumesnapshotclasses.snapshot.storage.k8s.io),/var/log/pods/kube-system_ebs-csi-controller-77879c8496-2shk6_d2fe30d5-90b4-46a9-b8e3-8d382b99f6a9/csi-snapshotter/4.log,stderr,F,2025-05-30T06:33:29.54564507Z,0gnJyPJgPil0yJGd81etzGC0unA,csi-snapshotter,4,kube-system,ebs-csi-controller-77879c8496-2shk6,d2fe30d5-90b4-46a9-b8e3-8d382b99f6a9,,,0,,,0,
2025-05-29 23:33:29.135,"2025-05-30T06:33:29.135265177Z stdout F INFO:     127.0.0.6:50265 - ""GET /health HTTP/1.1"" 200 OK","INFO:     127.0.0.6:50265 - ""GET /health HTTP/1.1"" 200 OK",/var/log/pods/dev_studio-api-5fc456d47b-rfq5w_2d6ccd78-fe8f-43cd-be1e-3eb5c8153aa6/studio-api/0.log,stdout,F,2025-05-30T06:33:29.135265177Z,0gnJyOZWiXnM87PKM9sSESlFOI6,studio-api,0,dev,studio-api-5fc456d47b-rfq5w,2d6ccd78-fe8f-43cd-be1e-3eb5c8153aa6,,,0,,,0,
2025-05-29 23:33:29.134,"2025-05-30T06:33:29.134934496Z stdout F INFO:     127.0.0.6:55399 - ""GET /health HTTP/1.1"" 200 OK","INFO:     127.0.0.6:55399 - ""GET /health HTTP/1.1"" 200 OK",/var/log/pods/dev_studio-api-5fc456d47b-rfq5w_2d6ccd78-fe8f-43cd-be1e-3eb5c8153aa6/studio-api/0.log,stdout,F,2025-05-30T06:33:29.134934496Z,0gnJyOZUPZnII6CxISNrqUMzS2H,studio-api,0,dev,studio-api-5fc456d47b-rfq5w,2d6ccd78-fe8f-43cd-be1e-3eb5c8153aa6,,,0,,,0,
2025-05-29 23:33:25.559,"2025-05-30T06:33:25.559305373Z stdout F INFO:     127.0.0.6:53463 - ""GET /health HTTP/1.1"" 200 OK","INFO:     127.0.0.6:53463 - ""GET /health HTTP/1.1"" 200 OK",/var/log/pods/prod_studio-api-5cf78f7746-t4qwl_83705cb9-3391-4e21-9a1c-2824b84e6176/studio-api/6.log,stdout,F,2025-05-30T06:33:25.559305373Z,0gnJyI5KWiTvXsBX5M22xccIPKo,studio-api,6,prod,studio-api-5cf78f7746-t4qwl,83705cb9-3391-4e21-9a1c-2824b84e6176,,,0,,,0,
2025-05-29 23:33:25.558,"2025-05-30T06:33:25.558966778Z stdout F INFO:     127.0.0.6:52943 - ""GET /health HTTP/1.1"" 200 OK","INFO:     127.0.0.6:52943 - ""GET /health HTTP/1.1"" 200 OK",/var/log/pods/prod_studio-api-5cf78f7746-t4qwl_83705cb9-3391-4e21-9a1c-2824b84e6176/studio-api/6.log,stdout,F,2025-05-30T06:33:25.558966778Z,0gnJyI5IAKLuTp20EBoQICH68ID,studio-api,6,prod,studio-api-5cf78f7746-t4qwl,83705cb9-3391-4e21-9a1c-2824b84e6176,,,0,,,0,
2025-05-29 23:33:24.997,"2025-05-30T06:33:24.99745286Z stderr F ts=2025-05-30T06:33:24.997Z caller=klog.go:116 level=error component=k8s_client_runtime func=ErrorDepth msg=""pkg/mod/k8s.io/client-go@v0.27.3/tools/cache/reflector.go:231: Failed to watch *v1.Endpoints: failed to list *v1.Endpoints: endpoints is forbidden: User \""system:serviceaccount:monitoring:prometheus-k8s\"" cannot list resource \""endpoints\"" in API group \""\"" in the namespace \""gpu-operator\""""","ts=2025-05-30T06:33:24.997Z caller=klog.go:116 level=error component=k8s_client_runtime func=ErrorDepth msg=""pkg/mod/k8s.io/client-go@v0.27.3/tools/cache/reflector.go:231: Failed to watch *v1.Endpoints: failed to list *v1.Endpoints: endpoints is forbidden: User \""system:serviceaccount:monitoring:prometheus-k8s\"" cannot list resource \""endpoints\"" in API group \""\"" in the namespace \""gpu-operator\""""",/var/log/pods/monitoring_prometheus-k8s-0_14d73fa0-e98d-4fd2-908d-d94572dfae94/prometheus/0.log,stderr,F,2025-05-30T06:33:24.99745286Z,0gnJyH48ZIiUf8mwZOdeIww3TS0,prometheus,0,monitoring,prometheus-k8s-0,14d73fa0-e98d-4fd2-908d-d94572dfae94,,,0,,,0,
2025-05-29 23:33:24.997,"2025-05-30T06:33:24.997426032Z stderr F ts=2025-05-30T06:33:24.997Z caller=klog.go:108 level=warn component=k8s_client_runtime func=Warningf msg=""pkg/mod/k8s.io/client-go@v0.27.3/tools/cache/reflector.go:231: failed to list *v1.Endpoints: endpoints is forbidden: User \""system:serviceaccount:monitoring:prometheus-k8s\"" cannot list resource \""endpoints\"" in API group \""\"" in the namespace \""gpu-operator\""""","ts=2025-05-30T06:33:24.997Z caller=klog.go:108 level=warn component=k8s_client_runtime func=Warningf msg=""pkg/mod/k8s.io/client-go@v0.27.3/tools/cache/reflector.go:231: failed to list *v1.Endpoints: endpoints is forbidden: User \""system:serviceaccount:monitoring:prometheus-k8s\"" cannot list resource \""endpoints\"" in API group \""\"" in the namespace \""gpu-operator\""""",/var/log/pods/monitoring_prometheus-k8s-0_14d73fa0-e98d-4fd2-908d-d94572dfae94/prometheus/0.log,stderr,F,2025-05-30T06:33:24.997426032Z,0gnJyH48Nhbl8Tp6ic73794EgAr,prometheus,0,monitoring,prometheus-k8s-0,14d73fa0-e98d-4fd2-908d-d94572dfae94,,,0,,,0,
2025-05-29 23:33:24.867,"2025-05-30T06:33:24.867970883Z stderr F ts=2025-05-30T06:33:24.867Z caller=klog.go:116 level=error component=k8s_client_runtime func=ErrorDepth msg=""pkg/mod/k8s.io/client-go@v0.27.3/tools/cache/reflector.go:231: Failed to watch *v1.Service: failed to list *v1.Service: services is forbidden: User \""system:serviceaccount:monitoring:prometheus-k8s\"" cannot list resource \""services\"" in API group \""\"" in the namespace \""gpu-operator\""""","ts=2025-05-30T06:33:24.867Z caller=klog.go:116 level=error component=k8s_client_runtime func=ErrorDepth msg=""pkg/mod/k8s.io/client-go@v0.27.3/tools/cache/reflector.go:231: Failed to watch *v1.Service: failed to list *v1.Service: services is forbidden: User \""system:serviceaccount:monitoring:prometheus-k8s\"" cannot list resource \""services\"" in API group \""\"" in the namespace \""gpu-operator\""""",/var/log/pods/monitoring_prometheus-k8s-0_14d73fa0-e98d-4fd2-908d-d94572dfae94/prometheus/0.log,stderr,F,2025-05-30T06:33:24.867970883Z,0gnJyGpZeZxpkVTOlkzueD3Lq1E,prometheus,0,monitoring,prometheus-k8s-0,14d73fa0-e98d-4fd2-908d-d94572dfae94,,,0,,,0,
2025-05-29 23:33:24.867,"2025-05-30T06:33:24.867937481Z stderr F ts=2025-05-30T06:33:24.867Z caller=klog.go:108 level=warn component=k8s_client_runtime func=Warningf msg=""pkg/mod/k8s.io/client-go@v0.27.3/tools/cache/reflector.go:231: failed to list *v1.Service: services is forbidden: User \""system:serviceaccount:monitoring:prometheus-k8s\"" cannot list resource \""services\"" in API group \""\"" in the namespace \""gpu-operator\""""","ts=2025-05-30T06:33:24.867Z caller=klog.go:108 level=warn component=k8s_client_runtime func=Warningf msg=""pkg/mod/k8s.io/client-go@v0.27.3/tools/cache/reflector.go:231: failed to list *v1.Service: services is forbidden: User \""system:serviceaccount:monitoring:prometheus-k8s\"" cannot list resource \""services\"" in API group \""\"" in the namespace \""gpu-operator\""""",/var/log/pods/monitoring_prometheus-k8s-0_14d73fa0-e98d-4fd2-908d-d94572dfae94/prometheus/0.log,stderr,F,2025-05-30T06:33:24.867937481Z,0gnJyGpZQ8c9CZzfoTH0TUh8sjX,prometheus,0,monitoring,prometheus-k8s-0,14d73fa0-e98d-4fd2-908d-d94572dfae94,,,0,,,0,
2025-05-29 23:33:23.696,"2025-05-30T06:33:23.696351031Z stderr F ts=2025-05-30T06:33:23.696Z caller=klog.go:116 level=error component=k8s_client_runtime func=ErrorDepth msg=""pkg/mod/k8s.io/client-go@v0.27.3/tools/cache/reflector.go:231: Failed to watch *v1.Endpoints: failed to list *v1.Endpoints: endpoints is forbidden: User \""system:serviceaccount:monitoring:prometheus-k8s\"" cannot list resource \""endpoints\"" in API group \""\"" in the namespace \""gpu-operator\""""","ts=2025-05-30T06:33:23.696Z caller=klog.go:116 level=error component=k8s_client_runtime func=ErrorDepth msg=""pkg/mod/k8s.io/client-go@v0.27.3/tools/cache/reflector.go:231: Failed to watch *v1.Endpoints: failed to list *v1.Endpoints: endpoints is forbidden: User \""system:serviceaccount:monitoring:prometheus-k8s\"" cannot list resource \""endpoints\"" in API group \""\"" in the namespace \""gpu-operator\""""",/var/log/pods/monitoring_prometheus-k8s-1_532dc860-050c-44f7-a55d-198c4667d429/prometheus/0.log,stderr,F,2025-05-30T06:33:23.696351031Z,0gnJyEhnc4buR9Fvyqu4ObE2XeX,prometheus,0,monitoring,prometheus-k8s-1,532dc860-050c-44f7-a55d-198c4667d429,,,0,,,0,
2025-05-29 23:33:23.696,"2025-05-30T06:33:23.696311112Z stderr F ts=2025-05-30T06:33:23.696Z caller=klog.go:108 level=warn component=k8s_client_runtime func=Warningf msg=""pkg/mod/k8s.io/client-go@v0.27.3/tools/cache/reflector.go:231: failed to list *v1.Endpoints: endpoints is forbidden: User \""system:serviceaccount:monitoring:prometheus-k8s\"" cannot list resource \""endpoints\"" in API group \""\"" in the namespace \""gpu-operator\""""","ts=2025-05-30T06:33:23.696Z caller=klog.go:108 level=warn component=k8s_client_runtime func=Warningf msg=""pkg/mod/k8s.io/client-go@v0.27.3/tools/cache/reflector.go:231: failed to list *v1.Endpoints: endpoints is forbidden: User \""system:serviceaccount:monitoring:prometheus-k8s\"" cannot list resource \""endpoints\"" in API group \""\"" in the namespace \""gpu-operator\""""",/var/log/pods/monitoring_prometheus-k8s-1_532dc860-050c-44f7-a55d-198c4667d429/prometheus/0.log,stderr,F,2025-05-30T06:33:23.696311112Z,0gnJyEhnKoZAyYbXZkNX2p3HQUQ,prometheus,0,monitoring,prometheus-k8s-1,532dc860-050c-44f7-a55d-198c4667d429,,,0,,,0,
2025-05-29 23:33:22.401,"2025-05-30T06:33:22.401399573Z stderr F ts=2025-05-30T06:33:22.401Z caller=klog.go:116 level=error component=k8s_client_runtime func=ErrorDepth msg=""pkg/mod/k8s.io/client-go@v0.27.3/tools/cache/reflector.go:231: Failed to watch *v1.Pod: failed to list *v1.Pod: pods is forbidden: User \""system:serviceaccount:monitoring:prometheus-k8s\"" cannot list resource \""pods\"" in API group \""\"" in the namespace \""gpu-operator\""""","ts=2025-05-30T06:33:22.401Z caller=klog.go:116 level=error component=k8s_client_runtime func=ErrorDepth msg=""pkg/mod/k8s.io/client-go@v0.27.3/tools/cache/reflector.go:231: Failed to watch *v1.Pod: failed to list *v1.Pod: pods is forbidden: User \""system:serviceaccount:monitoring:prometheus-k8s\"" cannot list resource \""pods\"" in API group \""\"" in the namespace \""gpu-operator\""""",/var/log/pods/monitoring_prometheus-k8s-0_14d73fa0-e98d-4fd2-908d-d94572dfae94/prometheus/0.log,stderr,F,2025-05-30T06:33:22.401399573Z,0gnJyCM9Xv6JjUnwcMEZ67t7Lvk,prometheus,0,monitoring,prometheus-k8s-0,14d73fa0-e98d-4fd2-908d-d94572dfae94,,,0,,,0,
2025-05-29 23:33:22.401,"2025-05-30T06:33:22.401361493Z stderr F ts=2025-05-30T06:33:22.401Z caller=klog.go:108 level=warn component=k8s_client_runtime func=Warningf msg=""pkg/mod/k8s.io/client-go@v0.27.3/tools/cache/reflector.go:231: failed to list *v1.Pod: pods is forbidden: User \""system:serviceaccount:monitoring:prometheus-k8s\"" cannot list resource \""pods\"" in API group \""\"" in the namespace \""gpu-operator\""""","ts=2025-05-30T06:33:22.401Z caller=klog.go:108 level=warn component=k8s_client_runtime func=Warningf msg=""pkg/mod/k8s.io/client-go@v0.27.3/tools/cache/reflector.go:231: failed to list *v1.Pod: pods is forbidden: User \""system:serviceaccount:monitoring:prometheus-k8s\"" cannot list resource \""pods\"" in API group \""\"" in the namespace \""gpu-operator\""""",/var/log/pods/monitoring_prometheus-k8s-0_14d73fa0-e98d-4fd2-908d-d94572dfae94/prometheus/0.log,stderr,F,2025-05-30T06:33:22.401361493Z,0gnJyCM9HSLrR7R0oPmxZLtnYqS,prometheus,0,monitoring,prometheus-k8s-0,14d73fa0-e98d-4fd2-908d-d94572dfae94,,,0,,,0,
2025-05-29 23:33:20.255,"2025-05-30T06:33:20.255562386Z stderr F I0530 06:33:20.255502       1 nfd-worker.go:577] ""feature discovery completed""","I0530 06:33:20.255502       1 nfd-worker.go:577] ""feature discovery completed""",/var/log/pods/gpu-operator_gpu-operator-1698729972-node-feature-discovery-worker-rs7gd_1669cd5f-0bba-4fee-aa71-7893b8ab7616/worker/3.log,stderr,F,2025-05-30T06:33:20.255562386Z,0gnJy8So0eMtnEe6kMZ25XbLbm7,worker,3,gpu-operator,gpu-operator-1698729972-node-feature-discovery-worker-rs7gd,1669cd5f-0bba-4fee-aa71-7893b8ab7616,,,0,,,0,
2025-05-29 23:33:20.255,"2025-05-30T06:33:20.25534299Z stderr F I0530 06:33:20.255272       1 nfd-worker.go:562] ""starting feature discovery...""","I0530 06:33:20.255272       1 nfd-worker.go:562] ""starting feature discovery...""",/var/log/pods/gpu-operator_gpu-operator-1698729972-node-feature-discovery-worker-rs7gd_1669cd5f-0bba-4fee-aa71-7893b8ab7616/worker/3.log,stderr,F,2025-05-30T06:33:20.25534299Z,0gnJy8SmTnOCKfotAbalzpeT5WJ,worker,3,gpu-operator,gpu-operator-1698729972-node-feature-discovery-worker-rs7gd,1669cd5f-0bba-4fee-aa71-7893b8ab7616,,,0,,,0,
2025-05-29 23:33:20.253,"2025-05-30T06:33:20.2534297Z stderr F E0530 06:33:20.253371       1 network.go:143] ""failed to read net iface attribute"" err=""read /host-sys/class/net/eth2/speed: invalid argument"" attributeName=""speed""","E0530 06:33:20.253371       1 network.go:143] ""failed to read net iface attribute"" err=""read /host-sys/class/net/eth2/speed: invalid argument"" attributeName=""speed""",/var/log/pods/gpu-operator_gpu-operator-1698729972-node-feature-discovery-worker-rs7gd_1669cd5f-0bba-4fee-aa71-7893b8ab7616/worker/3.log,stderr,F,2025-05-30T06:33:20.2534297Z,0gnJy8SZ8b2WldXCi9Alihm54OS,worker,3,gpu-operator,gpu-operator-1698729972-node-feature-discovery-worker-rs7gd,1669cd5f-0bba-4fee-aa71-7893b8ab7616,,,0,,,0,
2025-05-29 23:33:20.253,"2025-05-30T06:33:20.253335567Z stderr F E0530 06:33:20.253220       1 network.go:143] ""failed to read net iface attribute"" err=""read /host-sys/class/net/eth1/speed: invalid argument"" attributeName=""speed""","E0530 06:33:20.253220       1 network.go:143] ""failed to read net iface attribute"" err=""read /host-sys/class/net/eth1/speed: invalid argument"" attributeName=""speed""",/var/log/pods/gpu-operator_gpu-operator-1698729972-node-feature-discovery-worker-rs7gd_1669cd5f-0bba-4fee-aa71-7893b8ab7616/worker/3.log,stderr,F,2025-05-30T06:33:20.253335567Z,0gnJy8SYTtmNJWkUV5dDZCxdGQ4,worker,3,gpu-operator,gpu-operator-1698729972-node-feature-discovery-worker-rs7gd,1669cd5f-0bba-4fee-aa71-7893b8ab7616,,,0,,,0,
2025-05-29 23:33:20.253,"2025-05-30T06:33:20.253259821Z stderr F E0530 06:33:20.253112       1 network.go:143] ""failed to read net iface attribute"" err=""read /host-sys/class/net/eth0/speed: invalid argument"" attributeName=""speed""","E0530 06:33:20.253112       1 network.go:143] ""failed to read net iface attribute"" err=""read /host-sys/class/net/eth0/speed: invalid argument"" attributeName=""speed""",/var/log/pods/gpu-operator_gpu-operator-1698729972-node-feature-discovery-worker-rs7gd_1669cd5f-0bba-4fee-aa71-7893b8ab7616/worker/3.log,stderr,F,2025-05-30T06:33:20.253259821Z,0gnJy8SXx9OX3RISgOVeaYe2L6m,worker,3,gpu-operator,gpu-operator-1698729972-node-feature-discovery-worker-rs7gd,1669cd5f-0bba-4fee-aa71-7893b8ab7616,,,0,,,0,
2025-05-29 23:33:19.135,"2025-05-30T06:33:19.135033608Z stdout F INFO:     127.0.0.6:46019 - ""GET /health HTTP/1.1"" 200 OK","INFO:     127.0.0.6:46019 - ""GET /health HTTP/1.1"" 200 OK",/var/log/pods/dev_studio-api-5fc456d47b-rfq5w_2d6ccd78-fe8f-43cd-be1e-3eb5c8153aa6/studio-api/0.log,stdout,F,2025-05-30T06:33:19.135033608Z,0gnJy6QmF3AFyT7rP7KK37jEIMb,studio-api,0,dev,studio-api-5fc456d47b-rfq5w,2d6ccd78-fe8f-43cd-be1e-3eb5c8153aa6,,,0,,,0,
2025-05-29 23:33:19.134,"2025-05-30T06:33:19.134656515Z stdout F INFO:     127.0.0.6:34757 - ""GET /health HTTP/1.1"" 200 OK","INFO:     127.0.0.6:34757 - ""GET /health HTTP/1.1"" 200 OK",/var/log/pods/dev_studio-api-5fc456d47b-rfq5w_2d6ccd78-fe8f-43cd-be1e-3eb5c8153aa6/studio-api/0.log,stdout,F,2025-05-30T06:33:19.134656515Z,0gnJy6Qjc13Kcbkk2NjyIzHMb41,studio-api,0,dev,studio-api-5fc456d47b-rfq5w,2d6ccd78-fe8f-43cd-be1e-3eb5c8153aa6,,,0,,,0,
2025-05-29 23:33:18.269,"2025-05-30T06:33:18.269544816Z stderr F time=""2025-05-30T06:33:18Z"" level=info msg=""All records are already up to date""","time=""2025-05-30T06:33:18Z"" level=info msg=""All records are already up to date""",/var/log/pods/external-dns_external-dns-98bdfbc64-mgpxc_656cf938-897d-42fd-8752-0d3504f0914c/external-dns/0.log,stderr,F,2025-05-30T06:33:18.269544816Z,0gnJy4rQwOHDFSgRrIM9lSwfxEB,external-dns,0,external-dns,external-dns-98bdfbc64-mgpxc,656cf938-897d-42fd-8752-0d3504f0914c,,,0,,,0,
2025-05-29 23:33:18.269,"2025-05-30T06:33:18.269461789Z stderr F time=""2025-05-30T06:33:18Z"" level=info msg=""Applying provider record filter for domains: [tne.ai. .tne.ai.]""","time=""2025-05-30T06:33:18Z"" level=info msg=""Applying provider record filter for domains: [tne.ai. .tne.ai.]""",/var/log/pods/external-dns_external-dns-98bdfbc64-mgpxc_656cf938-897d-42fd-8752-0d3504f0914c/external-dns/0.log,stderr,F,2025-05-30T06:33:18.269461789Z,0gnJy4rQMUidVcTJsNWeivdFxRN,external-dns,0,external-dns,external-dns-98bdfbc64-mgpxc,656cf938-897d-42fd-8752-0d3504f0914c,,,0,,,0,
2025-05-29 23:33:15.558,"2025-05-30T06:33:15.558795818Z stdout F INFO:     127.0.0.6:41547 - ""GET /health HTTP/1.1"" 200 OK","INFO:     127.0.0.6:41547 - ""GET /health HTTP/1.1"" 200 OK",/var/log/pods/prod_studio-api-5cf78f7746-t4qwl_83705cb9-3391-4e21-9a1c-2824b84e6176/studio-api/6.log,stdout,F,2025-05-30T06:33:15.558795818Z,0gnJxzwY72LjJ9eSRtesLuDUHko,studio-api,6,prod,studio-api-5cf78f7746-t4qwl,83705cb9-3391-4e21-9a1c-2824b84e6176,,,0,,,0,
2025-05-29 23:33:15.558,"2025-05-30T06:33:15.558492206Z stdout F INFO:     127.0.0.6:57363 - ""GET /health HTTP/1.1"" 200 OK","INFO:     127.0.0.6:57363 - ""GET /health HTTP/1.1"" 200 OK",/var/log/pods/prod_studio-api-5cf78f7746-t4qwl_83705cb9-3391-4e21-9a1c-2824b84e6176/studio-api/6.log,stdout,F,2025-05-30T06:33:15.558492206Z,0gnJxzwVzlwWedFGU23uhoENJs5,studio-api,6,prod,studio-api-5cf78f7746-t4qwl,83705cb9-3391-4e21-9a1c-2824b84e6176,,,0,,,0,
2025-05-29 23:33:12.021,2025-05-30T06:33:12.021811347Z stderr F E0530 06:33:12.021704       1 reflector.go:147] k8s.io/client-go@v0.28.0/tools/cache/reflector.go:229: Failed to watch *v1.VolumeSnapshotContent: failed to list *v1.VolumeSnapshotContent: the server could not find the requested resource (get volumesnapshotcontents.snapshot.storage.k8s.io),E0530 06:33:12.021704       1 reflector.go:147] k8s.io/client-go@v0.28.0/tools/cache/reflector.go:229: Failed to watch *v1.VolumeSnapshotContent: failed to list *v1.VolumeSnapshotContent: the server could not find the requested resource (get volumesnapshotcontents.snapshot.storage.k8s.io),/var/log/pods/kube-system_ebs-csi-controller-77879c8496-2shk6_d2fe30d5-90b4-46a9-b8e3-8d382b99f6a9/csi-snapshotter/4.log,stderr,F,2025-05-30T06:33:12.021811347Z,0gnJxtWjhx0bLbbFonfnxSv9T0i,csi-snapshotter,4,kube-system,ebs-csi-controller-77879c8496-2shk6,d2fe30d5-90b4-46a9-b8e3-8d382b99f6a9,,,0,,,0,
2025-05-29 23:33:12.021,2025-05-30T06:33:12.021767729Z stderr F W0530 06:33:12.021675       1 reflector.go:535] k8s.io/client-go@v0.28.0/tools/cache/reflector.go:229: failed to list *v1.VolumeSnapshotContent: the server could not find the requested resource (get volumesnapshotcontents.snapshot.storage.k8s.io),W0530 06:33:12.021675       1 reflector.go:535] k8s.io/client-go@v0.28.0/tools/cache/reflector.go:229: failed to list *v1.VolumeSnapshotContent: the server could not find the requested resource (get volumesnapshotcontents.snapshot.storage.k8s.io),/var/log/pods/kube-system_ebs-csi-controller-77879c8496-2shk6_d2fe30d5-90b4-46a9-b8e3-8d382b99f6a9/csi-snapshotter/4.log,stderr,F,2025-05-30T06:33:12.021767729Z,0gnJxtWjP5nRmI5fMS4dqYfpl3m,csi-snapshotter,4,kube-system,ebs-csi-controller-77879c8496-2shk6,d2fe30d5-90b4-46a9-b8e3-8d382b99f6a9,,,0,,,0,
2025-05-29 23:33:10.545,"2025-05-30T06:33:10.545173087Z stderr F {""level"":""info"",""ts"":""2025-05-30T06:33:10.545Z"",""msg"":""no changes since last reconcilation: observed revision 'main@sha1:df8896bcc8b11601c57aefb857b355e6b5131c8f'"",""controller"":""gitrepository"",""controllerGroup"":""source.toolkit.fluxcd.io"",""controllerKind"":""GitRepository"",""GitRepository"":{""name"":""cloud"",""namespace"":""flux-system""},""namespace"":""flux-system"",""name"":""cloud"",""reconcileID"":""77a499f2-1233-4f20-be53-7754355f0958""}","{""level"":""info"",""ts"":""2025-05-30T06:33:10.545Z"",""msg"":""no changes since last reconcilation: observed revision 'main@sha1:df8896bcc8b11601c57aefb857b355e6b5131c8f'"",""controller"":""gitrepository"",""controllerGroup"":""source.toolkit.fluxcd.io"",""controllerKind"":""GitRepository"",""GitRepository"":{""name"":""cloud"",""namespace"":""flux-system""},""namespace"":""flux-system"",""name"":""cloud"",""reconcileID"":""77a499f2-1233-4f20-be53-7754355f0958""}",/var/log/pods/flux-system_source-controller-86b8b57796-89z4v_cfa586bc-a7e5-423d-b579-8b763e6a20e9/manager/0.log,stderr,F,2025-05-30T06:33:10.545173087Z,0gnJxqqege7EgOT7adN3t7SQy1Z,manager,0,flux-system,source-controller-86b8b57796-89z4v,cfa586bc-a7e5-423d-b579-8b763e6a20e9,,,0,,,0,
2025-05-29 23:33:09.134,"2025-05-30T06:33:09.134818352Z stdout F INFO:     127.0.0.6:48779 - ""GET /health HTTP/1.1"" 200 OK","INFO:     127.0.0.6:48779 - ""GET /health HTTP/1.1"" 200 OK",/var/log/pods/dev_studio-api-5fc456d47b-rfq5w_2d6ccd78-fe8f-43cd-be1e-3eb5c8153aa6/studio-api/0.log,stdout,F,2025-05-30T06:33:09.134818352Z,0gnJxoI1sbnYtNnDBe767p65Aga,studio-api,0,dev,studio-api-5fc456d47b-rfq5w,2d6ccd78-fe8f-43cd-be1e-3eb5c8153aa6,,,0,,,0,
2025-05-29 23:33:09.134,"2025-05-30T06:33:09.13453008Z stdout F INFO:     127.0.0.6:53339 - ""GET /health HTTP/1.1"" 200 OK","INFO:     127.0.0.6:53339 - ""GET /health HTTP/1.1"" 200 OK",/var/log/pods/dev_studio-api-5fc456d47b-rfq5w_2d6ccd78-fe8f-43cd-be1e-3eb5c8153aa6/studio-api/0.log,stdout,F,2025-05-30T06:33:09.13453008Z,0gnJxoHzryYzd1cbGvVq2rUR81U,studio-api,0,dev,studio-api-5fc456d47b-rfq5w,2d6ccd78-fe8f-43cd-be1e-3eb5c8153aa6,,,0,,,0,
2025-05-29 23:33:05.560,"2025-05-30T06:33:05.560546033Z stdout F INFO:     127.0.0.6:57291 - ""GET /health HTTP/1.1"" 200 OK","INFO:     127.0.0.6:57291 - ""GET /health HTTP/1.1"" 200 OK",/var/log/pods/prod_studio-api-5cf78f7746-t4qwl_83705cb9-3391-4e21-9a1c-2824b84e6176/studio-api/6.log,stdout,F,2025-05-30T06:33:05.560546033Z,0gnJxho1SM2vwi6CMkq2T7QVnOR,studio-api,6,prod,studio-api-5cf78f7746-t4qwl,83705cb9-3391-4e21-9a1c-2824b84e6176,,,0,,,0,
2025-05-29 23:33:05.559,"2025-05-30T06:33:05.559065334Z stdout F INFO:     127.0.0.6:34235 - ""GET /health HTTP/1.1"" 200 OK","INFO:     127.0.0.6:34235 - ""GET /health HTTP/1.1"" 200 OK",/var/log/pods/prod_studio-api-5cf78f7746-t4qwl_83705cb9-3391-4e21-9a1c-2824b84e6176/studio-api/6.log,stdout,F,2025-05-30T06:33:05.559065334Z,0gnJxhnr8BRog8aaf5oxCTx9XGy,studio-api,6,prod,studio-api-5cf78f7746-t4qwl,83705cb9-3391-4e21-9a1c-2824b84e6176,,,0,,,0,
2025-05-29 23:33:03.501,"2025-05-30T06:33:03.50187147Z stderr F ts=2025-05-30T06:33:03.501Z caller=klog.go:116 level=error component=k8s_client_runtime func=ErrorDepth msg=""pkg/mod/k8s.io/client-go@v0.27.3/tools/cache/reflector.go:231: Failed to watch *v1.Service: failed to list *v1.Service: services is forbidden: User \""system:serviceaccount:monitoring:prometheus-k8s\"" cannot list resource \""services\"" in API group \""\"" in the namespace \""gpu-operator\""""","ts=2025-05-30T06:33:03.501Z caller=klog.go:116 level=error component=k8s_client_runtime func=ErrorDepth msg=""pkg/mod/k8s.io/client-go@v0.27.3/tools/cache/reflector.go:231: Failed to watch *v1.Service: failed to list *v1.Service: services is forbidden: User \""system:serviceaccount:monitoring:prometheus-k8s\"" cannot list resource \""services\"" in API group \""\"" in the namespace \""gpu-operator\""""",/var/log/pods/monitoring_prometheus-k8s-1_532dc860-050c-44f7-a55d-198c4667d429/prometheus/0.log,stderr,F,2025-05-30T06:33:03.50187147Z,0gnJxe4TjId994OpQGkvJIRoxSi,prometheus,0,monitoring,prometheus-k8s-1,532dc860-050c-44f7-a55d-198c4667d429,,,0,,,0,
2025-05-29 23:33:03.501,"2025-05-30T06:33:03.501829257Z stderr F ts=2025-05-30T06:33:03.501Z caller=klog.go:108 level=warn component=k8s_client_runtime func=Warningf msg=""pkg/mod/k8s.io/client-go@v0.27.3/tools/cache/reflector.go:231: failed to list *v1.Service: services is forbidden: User \""system:serviceaccount:monitoring:prometheus-k8s\"" cannot list resource \""services\"" in API group \""\"" in the namespace \""gpu-operator\""""","ts=2025-05-30T06:33:03.501Z caller=klog.go:108 level=warn component=k8s_client_runtime func=Warningf msg=""pkg/mod/k8s.io/client-go@v0.27.3/tools/cache/reflector.go:231: failed to list *v1.Service: services is forbidden: User \""system:serviceaccount:monitoring:prometheus-k8s\"" cannot list resource \""services\"" in API group \""\"" in the namespace \""gpu-operator\""""",/var/log/pods/monitoring_prometheus-k8s-1_532dc860-050c-44f7-a55d-198c4667d429/prometheus/0.log,stderr,F,2025-05-30T06:33:03.501829257Z,0gnJxe4TR36XweC8Hzag4FbRoV4,prometheus,0,monitoring,prometheus-k8s-1,532dc860-050c-44f7-a55d-198c4667d429,,,0,,,0,
2025-05-29 23:32:59.134,"2025-05-30T06:32:59.13465098Z stdout F INFO:     127.0.0.6:59001 - ""GET /health HTTP/1.1"" 200 OK","INFO:     127.0.0.6:59001 - ""GET /health HTTP/1.1"" 200 OK",/var/log/pods/dev_studio-api-5fc456d47b-rfq5w_2d6ccd78-fe8f-43cd-be1e-3eb5c8153aa6/studio-api/0.log,stdout,F,2025-05-30T06:32:59.13465098Z,0gnJxW9HqrxqFS05KJa0Tse1nao,studio-api,0,dev,studio-api-5fc456d47b-rfq5w,2d6ccd78-fe8f-43cd-be1e-3eb5c8153aa6,,,0,,,0,
2025-05-29 23:32:59.134,"2025-05-30T06:32:59.134326651Z stdout F INFO:     127.0.0.6:59187 - ""GET /health HTTP/1.1"" 200 OK","INFO:     127.0.0.6:59187 - ""GET /health HTTP/1.1"" 200 OK",/var/log/pods/dev_studio-api-5fc456d47b-rfq5w_2d6ccd78-fe8f-43cd-be1e-3eb5c8153aa6/studio-api/0.log,stdout,F,2025-05-30T06:32:59.134326651Z,0gnJxW9FaeECDGMysYQfRorgIpp,studio-api,0,dev,studio-api-5fc456d47b-rfq5w,2d6ccd78-fe8f-43cd-be1e-3eb5c8153aa6,,,0,,,0,
2025-05-29 23:32:57.676,"2025-05-30T06:32:57.676819096Z stderr F {""level"":""info"",""ts"":""2025-05-30T06:32:57.676Z"",""msg"":""no changes since last reconcilation: observed revision 'main@sha1:5604c3428df5b6b79c469a58eb8626005b8c7443'"",""controller"":""gitrepository"",""controllerGroup"":""source.toolkit.fluxcd.io"",""controllerKind"":""GitRepository"",""GitRepository"":{""name"":""flux-system"",""namespace"":""flux-system""},""namespace"":""flux-system"",""name"":""flux-system"",""reconcileID"":""b0ed6abe-ef3f-4ae4-a2a2-76c6e6769427""}","{""level"":""info"",""ts"":""2025-05-30T06:32:57.676Z"",""msg"":""no changes since last reconcilation: observed revision 'main@sha1:5604c3428df5b6b79c469a58eb8626005b8c7443'"",""controller"":""gitrepository"",""controllerGroup"":""source.toolkit.fluxcd.io"",""controllerKind"":""GitRepository"",""GitRepository"":{""name"":""flux-system"",""namespace"":""flux-system""},""namespace"":""flux-system"",""name"":""flux-system"",""reconcileID"":""b0ed6abe-ef3f-4ae4-a2a2-76c6e6769427""}",/var/log/pods/flux-system_source-controller-86b8b57796-89z4v_cfa586bc-a7e5-423d-b579-8b763e6a20e9/manager/0.log,stderr,F,2025-05-30T06:32:57.676819096Z,0gnJxTVJyNrqCyPVTrGmNYUG2S4,manager,0,flux-system,source-controller-86b8b57796-89z4v,cfa586bc-a7e5-423d-b579-8b763e6a20e9,,,0,,,0,
2025-05-29 23:32:57.298,"2025-05-30T06:32:57.29895671Z stderr F ts=2025-05-30T06:32:57.298Z caller=klog.go:116 level=error component=k8s_client_runtime func=ErrorDepth msg=""pkg/mod/k8s.io/client-go@v0.27.3/tools/cache/reflector.go:231: Failed to watch *v1.Pod: failed to list *v1.Pod: pods is forbidden: User \""system:serviceaccount:monitoring:prometheus-k8s\"" cannot list resource \""pods\"" in API group \""\"" in the namespace \""gpu-operator\""""","ts=2025-05-30T06:32:57.298Z caller=klog.go:116 level=error component=k8s_client_runtime func=ErrorDepth msg=""pkg/mod/k8s.io/client-go@v0.27.3/tools/cache/reflector.go:231: Failed to watch *v1.Pod: failed to list *v1.Pod: pods is forbidden: User \""system:serviceaccount:monitoring:prometheus-k8s\"" cannot list resource \""pods\"" in API group \""\"" in the namespace \""gpu-operator\""""",/var/log/pods/monitoring_prometheus-k8s-1_532dc860-050c-44f7-a55d-198c4667d429/prometheus/0.log,stderr,F,2025-05-30T06:32:57.29895671Z,0gnJxSop1wpQi202hxfIgWOJJih,prometheus,0,monitoring,prometheus-k8s-1,532dc860-050c-44f7-a55d-198c4667d429,,,0,,,0,
2025-05-29 23:32:57.298,"2025-05-30T06:32:57.298914854Z stderr F ts=2025-05-30T06:32:57.298Z caller=klog.go:108 level=warn component=k8s_client_runtime func=Warningf msg=""pkg/mod/k8s.io/client-go@v0.27.3/tools/cache/reflector.go:231: failed to list *v1.Pod: pods is forbidden: User \""system:serviceaccount:monitoring:prometheus-k8s\"" cannot list resource \""pods\"" in API group \""\"" in the namespace \""gpu-operator\""""","ts=2025-05-30T06:32:57.298Z caller=klog.go:108 level=warn component=k8s_client_runtime func=Warningf msg=""pkg/mod/k8s.io/client-go@v0.27.3/tools/cache/reflector.go:231: failed to list *v1.Pod: pods is forbidden: User \""system:serviceaccount:monitoring:prometheus-k8s\"" cannot list resource \""pods\"" in API group \""\"" in the namespace \""gpu-operator\""""",/var/log/pods/monitoring_prometheus-k8s-1_532dc860-050c-44f7-a55d-198c4667d429/prometheus/0.log,stderr,F,2025-05-30T06:32:57.298914854Z,0gnJxSoojqrDpQkkNPB7gOE1M9S,prometheus,0,monitoring,prometheus-k8s-1,532dc860-050c-44f7-a55d-198c4667d429,,,0,,,0,
2025-05-29 23:32:55.559,"2025-05-30T06:32:55.5590283Z stdout F INFO:     127.0.0.6:55177 - ""GET /health HTTP/1.1"" 200 OK","INFO:     127.0.0.6:55177 - ""GET /health HTTP/1.1"" 200 OK",/var/log/pods/prod_studio-api-5cf78f7746-t4qwl_83705cb9-3391-4e21-9a1c-2824b84e6176/studio-api/6.log,stdout,F,2025-05-30T06:32:55.5590283Z,0gnJxPf80nO3BpLnNM1siN4XRCn,studio-api,6,prod,studio-api-5cf78f7746-t4qwl,83705cb9-3391-4e21-9a1c-2824b84e6176,,,0,,,0,
2025-05-29 23:32:55.558,"2025-05-30T06:32:55.558672838Z stdout F INFO:     127.0.0.6:54989 - ""GET /health HTTP/1.1"" 200 OK","INFO:     127.0.0.6:54989 - ""GET /health HTTP/1.1"" 200 OK",/var/log/pods/prod_studio-api-5cf78f7746-t4qwl_83705cb9-3391-4e21-9a1c-2824b84e6176/studio-api/6.log,stdout,F,2025-05-30T06:32:55.558672838Z,0gnJxPf5X78B4c25RuDqJKESrcN,studio-api,6,prod,studio-api-5cf78f7746-t4qwl,83705cb9-3391-4e21-9a1c-2824b84e6176,,,0,,,0,
2025-05-29 23:32:54.841,"2025-05-30T06:32:54.841776245Z stderr F I0530 06:32:54.841730       1 nfd-worker.go:577] ""feature discovery completed""","I0530 06:32:54.841730       1 nfd-worker.go:577] ""feature discovery completed""",/var/log/pods/gpu-operator_gpu-operator-1698729972-node-feature-discovery-worker-2b8k8_44046865-4861-4184-81f5-59c11b19afcf/worker/2.log,stderr,F,2025-05-30T06:32:54.841776245Z,0gnJxOMSPMSps70yEPyKCUH43qZ,worker,2,gpu-operator,gpu-operator-1698729972-node-feature-discovery-worker-2b8k8,44046865-4861-4184-81f5-59c11b19afcf,,,0,,,0,
2025-05-29 23:32:54.841,"2025-05-30T06:32:54.841585501Z stderr F I0530 06:32:54.841522       1 nfd-worker.go:562] ""starting feature discovery...""","I0530 06:32:54.841522       1 nfd-worker.go:562] ""starting feature discovery...""",/var/log/pods/gpu-operator_gpu-operator-1698729972-node-feature-discovery-worker-2b8k8_44046865-4861-4184-81f5-59c11b19afcf/worker/2.log,stderr,F,2025-05-30T06:32:54.841585501Z,0gnJxOMR4tVAEyP0oiPs086C8ZQ,worker,2,gpu-operator,gpu-operator-1698729972-node-feature-discovery-worker-2b8k8,44046865-4861-4184-81f5-59c11b19afcf,,,0,,,0,
2025-05-29 23:32:54.840,"2025-05-30T06:32:54.840980355Z stderr F E0530 06:32:54.839682       1 network.go:143] ""failed to read net iface attribute"" err=""read /host-sys/class/net/eth3/speed: invalid argument"" attributeName=""speed""","E0530 06:32:54.839682       1 network.go:143] ""failed to read net iface attribute"" err=""read /host-sys/class/net/eth3/speed: invalid argument"" attributeName=""speed""",/var/log/pods/gpu-operator_gpu-operator-1698729972-node-feature-discovery-worker-2b8k8_44046865-4861-4184-81f5-59c11b19afcf/worker/2.log,stderr,F,2025-05-30T06:32:54.840980355Z,0gnJxOMMrGOe820Y0Y2Rii4tpM9,worker,2,gpu-operator,gpu-operator-1698729972-node-feature-discovery-worker-2b8k8,44046865-4861-4184-81f5-59c11b19afcf,,,0,,,0,
2025-05-29 23:32:54.840,"2025-05-30T06:32:54.840791644Z stderr F E0530 06:32:54.839603       1 network.go:143] ""failed to read net iface attribute"" err=""read /host-sys/class/net/eth2/speed: invalid argument"" attributeName=""speed""","E0530 06:32:54.839603       1 network.go:143] ""failed to read net iface attribute"" err=""read /host-sys/class/net/eth2/speed: invalid argument"" attributeName=""speed""",/var/log/pods/gpu-operator_gpu-operator-1698729972-node-feature-discovery-worker-2b8k8_44046865-4861-4184-81f5-59c11b19afcf/worker/2.log,stderr,F,2025-05-30T06:32:54.840791644Z,0gnJxOMLXfvlcTRpGi7YSMBDGh8,worker,2,gpu-operator,gpu-operator-1698729972-node-feature-discovery-worker-2b8k8,44046865-4861-4184-81f5-59c11b19afcf,,,0,,,0,
2025-05-29 23:32:54.840,"2025-05-30T06:32:54.84016716Z stderr F E0530 06:32:54.839514       1 network.go:143] ""failed to read net iface attribute"" err=""read /host-sys/class/net/eth1/speed: invalid argument"" attributeName=""speed""","E0530 06:32:54.839514       1 network.go:143] ""failed to read net iface attribute"" err=""read /host-sys/class/net/eth1/speed: invalid argument"" attributeName=""speed""",/var/log/pods/gpu-operator_gpu-operator-1698729972-node-feature-discovery-worker-2b8k8_44046865-4861-4184-81f5-59c11b19afcf/worker/2.log,stderr,F,2025-05-30T06:32:54.84016716Z,0gnJxOMHBgQfGFCLdxhUOjbtbSL,worker,2,gpu-operator,gpu-operator-1698729972-node-feature-discovery-worker-2b8k8,44046865-4861-4184-81f5-59c11b19afcf,,,0,,,0,
2025-05-29 23:32:54.839,"2025-05-30T06:32:54.839518475Z stderr F E0530 06:32:54.839386       1 network.go:143] ""failed to read net iface attribute"" err=""read /host-sys/class/net/eth0/speed: invalid argument"" attributeName=""speed""","E0530 06:32:54.839386       1 network.go:143] ""failed to read net iface attribute"" err=""read /host-sys/class/net/eth0/speed: invalid argument"" attributeName=""speed""",/var/log/pods/gpu-operator_gpu-operator-1698729972-node-feature-discovery-worker-2b8k8_44046865-4861-4184-81f5-59c11b19afcf/worker/2.log,stderr,F,2025-05-30T06:32:54.839518475Z,0gnJxOMCfEEL8bvY7XEBy90uwNh,worker,2,gpu-operator,gpu-operator-1698729972-node-feature-discovery-worker-2b8k8,44046865-4861-4184-81f5-59c11b19afcf,,,0,,,0,
2025-05-29 23:32:52.867,"2025-05-30T06:32:52.867723265Z stderr F ts=2025-05-30T06:32:52.867Z caller=klog.go:116 level=error component=k8s_client_runtime func=ErrorDepth msg=""pkg/mod/k8s.io/client-go@v0.27.3/tools/cache/reflector.go:231: Failed to watch *v1.Endpoints: failed to list *v1.Endpoints: endpoints is forbidden: User \""system:serviceaccount:monitoring:prometheus-k8s\"" cannot list resource \""endpoints\"" in API group \""\"" in the namespace \""gpu-operator\""""","ts=2025-05-30T06:32:52.867Z caller=klog.go:116 level=error component=k8s_client_runtime func=ErrorDepth msg=""pkg/mod/k8s.io/client-go@v0.27.3/tools/cache/reflector.go:231: Failed to watch *v1.Endpoints: failed to list *v1.Endpoints: endpoints is forbidden: User \""system:serviceaccount:monitoring:prometheus-k8s\"" cannot list resource \""endpoints\"" in API group \""\"" in the namespace \""gpu-operator\""""",/var/log/pods/monitoring_prometheus-k8s-0_14d73fa0-e98d-4fd2-908d-d94572dfae94/prometheus/0.log,stderr,F,2025-05-30T06:32:52.867723265Z,0gnJxKmQluwpcbeYQeoF93znCTK,prometheus,0,monitoring,prometheus-k8s-0,14d73fa0-e98d-4fd2-908d-d94572dfae94,,,0,,,0,
2025-05-29 23:32:52.867,"2025-05-30T06:32:52.867683761Z stderr F ts=2025-05-30T06:32:52.867Z caller=klog.go:108 level=warn component=k8s_client_runtime func=Warningf msg=""pkg/mod/k8s.io/client-go@v0.27.3/tools/cache/reflector.go:231: failed to list *v1.Endpoints: endpoints is forbidden: User \""system:serviceaccount:monitoring:prometheus-k8s\"" cannot list resource \""endpoints\"" in API group \""\"" in the namespace \""gpu-operator\""""","ts=2025-05-30T06:32:52.867Z caller=klog.go:108 level=warn component=k8s_client_runtime func=Warningf msg=""pkg/mod/k8s.io/client-go@v0.27.3/tools/cache/reflector.go:231: failed to list *v1.Endpoints: endpoints is forbidden: User \""system:serviceaccount:monitoring:prometheus-k8s\"" cannot list resource \""endpoints\"" in API group \""\"" in the namespace \""gpu-operator\""""",/var/log/pods/monitoring_prometheus-k8s-0_14d73fa0-e98d-4fd2-908d-d94572dfae94/prometheus/0.log,stderr,F,2025-05-30T06:32:52.867683761Z,0gnJxKmQUq2OPF7dvp9m73zaavE,prometheus,0,monitoring,prometheus-k8s-0,14d73fa0-e98d-4fd2-908d-d94572dfae94,,,0,,,0,
2025-05-29 23:32:50.773,"2025-05-30T06:32:50.773942683Z stderr F {""level"":""info"",""ts"":""2025-05-30T06:32:50.773Z"",""logger"":""event-server"",""msg"":""discarding event, no alerts found for the involved object"",""eventInvolvedObject"":{""kind"":""Kustomization"",""namespace"":""flux-system"",""name"":""persuasion-api-dev"",""uid"":""44eb687f-fe0c-4a8d-aeb4-5d768c771b0a"",""apiVersion"":""kustomize.toolkit.fluxcd.io/v1"",""resourceVersion"":""415251057""}}","{""level"":""info"",""ts"":""2025-05-30T06:32:50.773Z"",""logger"":""event-server"",""msg"":""discarding event, no alerts found for the involved object"",""eventInvolvedObject"":{""kind"":""Kustomization"",""namespace"":""flux-system"",""name"":""persuasion-api-dev"",""uid"":""44eb687f-fe0c-4a8d-aeb4-5d768c771b0a"",""apiVersion"":""kustomize.toolkit.fluxcd.io/v1"",""resourceVersion"":""415251057""}}",/var/log/pods/flux-system_notification-controller-685bdc466d-5pknw_a6e49d9b-bfa3-4c66-a796-dfd04ac4a6f0/manager/0.log,stderr,F,2025-05-30T06:32:50.773942683Z,0gnJxGywEzkLLjV6KAKY52ZffG7,manager,0,flux-system,notification-controller-685bdc466d-5pknw,a6e49d9b-bfa3-4c66-a796-dfd04ac4a6f0,,,0,,,0,
2025-05-29 23:32:50.773,"2025-05-30T06:32:50.773633386Z stderr F {""level"":""info"",""ts"":""2025-05-30T06:32:50.773Z"",""msg"":""Reconciliation finished in 343.281767ms, next run in 3m0s"",""controller"":""kustomization"",""controllerGroup"":""kustomize.toolkit.fluxcd.io"",""controllerKind"":""Kustomization"",""Kustomization"":{""name"":""persuasion-api-dev"",""namespace"":""flux-system""},""namespace"":""flux-system"",""name"":""persuasion-api-dev"",""reconcileID"":""56098a25-51b4-41e6-922a-bb790ddf2237"",""revision"":""main@sha1:74a16c4ecc0bfdc744afab932786ea6d24c2f592""}","{""level"":""info"",""ts"":""2025-05-30T06:32:50.773Z"",""msg"":""Reconciliation finished in 343.281767ms, next run in 3m0s"",""controller"":""kustomization"",""controllerGroup"":""kustomize.toolkit.fluxcd.io"",""controllerKind"":""Kustomization"",""Kustomization"":{""name"":""persuasion-api-dev"",""namespace"":""flux-system""},""namespace"":""flux-system"",""name"":""persuasion-api-dev"",""reconcileID"":""56098a25-51b4-41e6-922a-bb790ddf2237"",""revision"":""main@sha1:74a16c4ecc0bfdc744afab932786ea6d24c2f592""}",/var/log/pods/flux-system_kustomize-controller-5f58d55f76-f9k8v_e10f666b-9971-42bb-a8ec-788fa095e4c8/manager/0.log,stderr,F,2025-05-30T06:32:50.773633386Z,0gnJxGyu5GwOrDdaNuouAo1jiaO,manager,0,flux-system,kustomize-controller-5f58d55f76-f9k8v,e10f666b-9971-42bb-a8ec-788fa095e4c8,,,0,,,0,
2025-05-29 23:32:50.723,"2025-05-30T06:32:50.723806173Z stderr F {""level"":""info"",""ts"":""2025-05-30T06:32:50.723Z"",""msg"":""server-side apply completed"",""controller"":""kustomization"",""controllerGroup"":""kustomize.toolkit.fluxcd.io"",""controllerKind"":""Kustomization"",""Kustomization"":{""name"":""persuasion-api-dev"",""namespace"":""flux-system""},""namespace"":""flux-system"",""name"":""persuasion-api-dev"",""reconcileID"":""56098a25-51b4-41e6-922a-bb790ddf2237"",""output"":{""ConfigMap/dev/persuasion-api-auth0-config-7fkdd592fg"":""unchanged"",""ConfigMap/dev/persuasion-api-config-htc62hhcfg"":""unchanged"",""Deployment/dev/persuasion-api"":""unchanged"",""Service/dev/persuasion-api-svc"":""unchanged"",""VirtualService/dev/persuasion-api"":""unchanged""},""revision"":""main@sha1:74a16c4ecc0bfdc744afab932786ea6d24c2f592""}","{""level"":""info"",""ts"":""2025-05-30T06:32:50.723Z"",""msg"":""server-side apply completed"",""controller"":""kustomization"",""controllerGroup"":""kustomize.toolkit.fluxcd.io"",""controllerKind"":""Kustomization"",""Kustomization"":{""name"":""persuasion-api-dev"",""namespace"":""flux-system""},""namespace"":""flux-system"",""name"":""persuasion-api-dev"",""reconcileID"":""56098a25-51b4-41e6-922a-bb790ddf2237"",""output"":{""ConfigMap/dev/persuasion-api-auth0-config-7fkdd592fg"":""unchanged"",""ConfigMap/dev/persuasion-api-config-htc62hhcfg"":""unchanged"",""Deployment/dev/persuasion-api"":""unchanged"",""Service/dev/persuasion-api-svc"":""unchanged"",""VirtualService/dev/persuasion-api"":""unchanged""},""revision"":""main@sha1:74a16c4ecc0bfdc744afab932786ea6d24c2f592""}",/var/log/pods/flux-system_kustomize-controller-5f58d55f76-f9k8v_e10f666b-9971-42bb-a8ec-788fa095e4c8/manager/0.log,stderr,F,2025-05-30T06:32:50.723806173Z,0gnJxGtIcmxidHtwsyTcUwTvKT7,manager,0,flux-system,kustomize-controller-5f58d55f76-f9k8v,e10f666b-9971-42bb-a8ec-788fa095e4c8,,,0,,,0,
2025-05-29 23:32:49.134,"2025-05-30T06:32:49.134669397Z stdout F INFO:     127.0.0.6:35011 - ""GET /health HTTP/1.1"" 200 OK","INFO:     127.0.0.6:35011 - ""GET /health HTTP/1.1"" 200 OK",/var/log/pods/dev_studio-api-5fc456d47b-rfq5w_2d6ccd78-fe8f-43cd-be1e-3eb5c8153aa6/studio-api/0.log,stdout,F,2025-05-30T06:32:49.134669397Z,0gnJxE0Z7SI6EeVdNI9O0oAVfmw,studio-api,0,dev,studio-api-5fc456d47b-rfq5w,2d6ccd78-fe8f-43cd-be1e-3eb5c8153aa6,,,0,,,0,
2025-05-29 23:32:49.134,"2025-05-30T06:32:49.134159315Z stdout F INFO:     127.0.0.6:54245 - ""GET /health HTTP/1.1"" 200 OK","INFO:     127.0.0.6:54245 - ""GET /health HTTP/1.1"" 200 OK",/var/log/pods/dev_studio-api-5fc456d47b-rfq5w_2d6ccd78-fe8f-43cd-be1e-3eb5c8153aa6/studio-api/0.log,stdout,F,2025-05-30T06:32:49.134159315Z,0gnJxE0VYvNdT0UIbFStuvOZ2IQ,studio-api,0,dev,studio-api-5fc456d47b-rfq5w,2d6ccd78-fe8f-43cd-be1e-3eb5c8153aa6,,,0,,,0,
2025-05-29 23:32:48.845,"2025-05-30T06:32:48.845316703Z stderr F level=info ts=2025-05-30T06:32:48.768269629Z caller=checkpoint.go:498 msg=""atomic checkpoint finished"" old=/var/loki/wal/checkpoint.086684.tmp new=/var/loki/wal/checkpoint.086684","level=info ts=2025-05-30T06:32:48.768269629Z caller=checkpoint.go:498 msg=""atomic checkpoint finished"" old=/var/loki/wal/checkpoint.086684.tmp new=/var/loki/wal/checkpoint.086684",/var/log/pods/istio-system_loki-0_08fe1f29-f419-48dd-9bf4-8c2a03fa6e96/loki/0.log,stderr,F,2025-05-30T06:32:48.845316703Z,0gnJxDU1Nd8MhBl19HqPHSYf5fU,loki,0,istio-system,loki-0,08fe1f29-f419-48dd-9bf4-8c2a03fa6e96,,,0,,,0,
2025-05-29 23:32:48.845,"2025-05-30T06:32:48.845306508Z stderr F level=info ts=2025-05-30T06:32:48.76409929Z caller=checkpoint.go:336 msg=""attempting checkpoint for"" dir=/var/loki/wal/checkpoint.086684","level=info ts=2025-05-30T06:32:48.76409929Z caller=checkpoint.go:336 msg=""attempting checkpoint for"" dir=/var/loki/wal/checkpoint.086684",/var/log/pods/istio-system_loki-0_08fe1f29-f419-48dd-9bf4-8c2a03fa6e96/loki/0.log,stderr,F,2025-05-30T06:32:48.845306508Z,0gnJxDU1JDqmbJVZgtmojE5KVc3,loki,0,istio-system,loki-0,08fe1f29-f419-48dd-9bf4-8c2a03fa6e96,,,0,,,0,
2025-05-29 23:32:48.845,"2025-05-30T06:32:48.845302864Z stderr F level=info ts=2025-05-30T06:32:48.763942344Z caller=checkpoint.go:611 msg=""starting checkpoint""","level=info ts=2025-05-30T06:32:48.763942344Z caller=checkpoint.go:611 msg=""starting checkpoint""",/var/log/pods/istio-system_loki-0_08fe1f29-f419-48dd-9bf4-8c2a03fa6e96/loki/0.log,stderr,F,2025-05-30T06:32:48.845302864Z,0gnJxDU1HeBINJ9NJvYsmJN7LoL,loki,0,istio-system,loki-0,08fe1f29-f419-48dd-9bf4-8c2a03fa6e96,,,0,,,0,
2025-05-29 23:32:48.845,"2025-05-30T06:32:48.845299498Z stderr F level=info ts=2025-05-30T06:32:48.754653291Z caller=table_manager.go:273 index-store=tsdb-2024-04-01 msg=""query readiness setup completed"" duration=2.219s distinct_users_len=0 distinct_users=","level=info ts=2025-05-30T06:32:48.754653291Z caller=table_manager.go:273 index-store=tsdb-2024-04-01 msg=""query readiness setup completed"" duration=2.219s distinct_users_len=0 distinct_users=",/var/log/pods/istio-system_loki-0_08fe1f29-f419-48dd-9bf4-8c2a03fa6e96/loki/0.log,stderr,F,2025-05-30T06:32:48.845299498Z,0gnJxDU1GBwaILPf6y8EFEcHVTl,loki,0,istio-system,loki-0,08fe1f29-f419-48dd-9bf4-8c2a03fa6e96,,,0,,,0,
2025-05-29 23:32:48.845,"2025-05-30T06:32:48.84529374Z stderr F level=info ts=2025-05-30T06:32:48.754629411Z caller=table_manager.go:230 index-store=tsdb-2024-04-01 msg=""syncing tables""","level=info ts=2025-05-30T06:32:48.754629411Z caller=table_manager.go:230 index-store=tsdb-2024-04-01 msg=""syncing tables""",/var/log/pods/istio-system_loki-0_08fe1f29-f419-48dd-9bf4-8c2a03fa6e96/loki/0.log,stderr,F,2025-05-30T06:32:48.84529374Z,0gnJxDU1DhaVtEkDMwZj5vAnM3l,loki,0,istio-system,loki-0,08fe1f29-f419-48dd-9bf4-8c2a03fa6e96,,,0,,,0,
2025-05-29 23:32:48.845,"2025-05-30T06:32:48.845248991Z stderr F level=info ts=2025-05-30T06:32:48.753510086Z caller=table_manager.go:136 index-store=tsdb-2024-04-01 msg=""uploading tables""","level=info ts=2025-05-30T06:32:48.753510086Z caller=table_manager.go:136 index-store=tsdb-2024-04-01 msg=""uploading tables""",/var/log/pods/istio-system_loki-0_08fe1f29-f419-48dd-9bf4-8c2a03fa6e96/loki/0.log,stderr,F,2025-05-30T06:32:48.845248991Z,0gnJxDU0uM6D3iVYanWeKYgT3QS,loki,0,istio-system,loki-0,08fe1f29-f419-48dd-9bf4-8c2a03fa6e96,,,0,,,0,
2025-05-29 23:32:46.344,2025-05-30T06:32:46.344067129Z stderr F E0530 06:32:46.343943       1 reflector.go:147] k8s.io/client-go@v0.28.0/tools/cache/reflector.go:229: Failed to watch *v1.VolumeSnapshotClass: failed to list *v1.VolumeSnapshotClass: the server could not find the requested resource (get volumesnapshotclasses.snapshot.storage.k8s.io),E0530 06:32:46.343943       1 reflector.go:147] k8s.io/client-go@v0.28.0/tools/cache/reflector.go:229: Failed to watch *v1.VolumeSnapshotClass: failed to list *v1.VolumeSnapshotClass: the server could not find the requested resource (get volumesnapshotclasses.snapshot.storage.k8s.io),/var/log/pods/kube-system_ebs-csi-controller-77879c8496-2shk6_d2fe30d5-90b4-46a9-b8e3-8d382b99f6a9/csi-snapshotter/4.log,stderr,F,2025-05-30T06:32:46.344067129Z,0gnJx8whS2ZgrwX2sgyTuNURqJr,csi-snapshotter,4,kube-system,ebs-csi-controller-77879c8496-2shk6,d2fe30d5-90b4-46a9-b8e3-8d382b99f6a9,,,0,,,0,
2025-05-29 23:32:46.344,2025-05-30T06:32:46.344023835Z stderr F W0530 06:32:46.343875       1 reflector.go:535] k8s.io/client-go@v0.28.0/tools/cache/reflector.go:229: failed to list *v1.VolumeSnapshotClass: the server could not find the requested resource (get volumesnapshotclasses.snapshot.storage.k8s.io),W0530 06:32:46.343875       1 reflector.go:535] k8s.io/client-go@v0.28.0/tools/cache/reflector.go:229: failed to list *v1.VolumeSnapshotClass: the server could not find the requested resource (get volumesnapshotclasses.snapshot.storage.k8s.io),/var/log/pods/kube-system_ebs-csi-controller-77879c8496-2shk6_d2fe30d5-90b4-46a9-b8e3-8d382b99f6a9/csi-snapshotter/4.log,stderr,F,2025-05-30T06:32:46.344023835Z,0gnJx8wh9K3vtREoQzDJLzztI0H,csi-snapshotter,4,kube-system,ebs-csi-controller-77879c8496-2shk6,d2fe30d5-90b4-46a9-b8e3-8d382b99f6a9,,,0,,,0,
2025-05-29 23:32:45.559,"2025-05-30T06:32:45.559192932Z stdout F INFO:     127.0.0.6:45963 - ""GET /health HTTP/1.1"" 200 OK","INFO:     127.0.0.6:45963 - ""GET /health HTTP/1.1"" 200 OK",/var/log/pods/prod_studio-api-5cf78f7746-t4qwl_83705cb9-3391-4e21-9a1c-2824b84e6176/studio-api/6.log,stdout,F,2025-05-30T06:32:45.559192932Z,0gnJx7WQIb336dWyth1cllVzF2U,studio-api,6,prod,studio-api-5cf78f7746-t4qwl,83705cb9-3391-4e21-9a1c-2824b84e6176,,,0,,,0,
2025-05-29 23:32:45.558,"2025-05-30T06:32:45.55888371Z stdout F INFO:     127.0.0.6:48555 - ""GET /health HTTP/1.1"" 200 OK","INFO:     127.0.0.6:48555 - ""GET /health HTTP/1.1"" 200 OK",/var/log/pods/prod_studio-api-5cf78f7746-t4qwl_83705cb9-3391-4e21-9a1c-2824b84e6176/studio-api/6.log,stdout,F,2025-05-30T06:32:45.55888371Z,0gnJx7WO8uFWeADAEGEcbbpFqaB,studio-api,6,prod,studio-api-5cf78f7746-t4qwl,83705cb9-3391-4e21-9a1c-2824b84e6176,,,0,,,0,
2025-05-29 23:32:40.111,"2025-05-30T06:32:40.111500548Z stderr F {""level"":""info"",""ts"":""2025-05-30T06:32:40.108Z"",""logger"":""event-server"",""msg"":""discarding event, no alerts found for the involved object"",""eventInvolvedObject"":{""kind"":""Kustomization"",""namespace"":""flux-system"",""name"":""graphai-dev"",""uid"":""b19a48e5-8598-4f1e-b059-3216b1fdcdd1"",""apiVersion"":""kustomize.toolkit.fluxcd.io/v1"",""resourceVersion"":""415250978""}}","{""level"":""info"",""ts"":""2025-05-30T06:32:40.108Z"",""logger"":""event-server"",""msg"":""discarding event, no alerts found for the involved object"",""eventInvolvedObject"":{""kind"":""Kustomization"",""namespace"":""flux-system"",""name"":""graphai-dev"",""uid"":""b19a48e5-8598-4f1e-b059-3216b1fdcdd1"",""apiVersion"":""kustomize.toolkit.fluxcd.io/v1"",""resourceVersion"":""415250978""}}",/var/log/pods/flux-system_notification-controller-685bdc466d-5pknw_a6e49d9b-bfa3-4c66-a796-dfd04ac4a6f0/manager/0.log,stderr,F,2025-05-30T06:32:40.111500548Z,0gnJwxdhyuS73c7ss5HqSEXITSk,manager,0,flux-system,notification-controller-685bdc466d-5pknw,a6e49d9b-bfa3-4c66-a796-dfd04ac4a6f0,,,0,,,0,
2025-05-29 23:32:40.108,"2025-05-30T06:32:40.108258247Z stderr F {""level"":""info"",""ts"":""2025-05-30T06:32:40.107Z"",""msg"":""Reconciliation finished in 330.84659ms, next run in 3m0s"",""controller"":""kustomization"",""controllerGroup"":""kustomize.toolkit.fluxcd.io"",""controllerKind"":""Kustomization"",""Kustomization"":{""name"":""graphai-dev"",""namespace"":""flux-system""},""namespace"":""flux-system"",""name"":""graphai-dev"",""reconcileID"":""00fe7b12-f321-486d-bcc6-45835148d5cd"",""revision"":""main@sha1:74a16c4ecc0bfdc744afab932786ea6d24c2f592""}","{""level"":""info"",""ts"":""2025-05-30T06:32:40.107Z"",""msg"":""Reconciliation finished in 330.84659ms, next run in 3m0s"",""controller"":""kustomization"",""controllerGroup"":""kustomize.toolkit.fluxcd.io"",""controllerKind"":""Kustomization"",""Kustomization"":{""name"":""graphai-dev"",""namespace"":""flux-system""},""namespace"":""flux-system"",""name"":""graphai-dev"",""reconcileID"":""00fe7b12-f321-486d-bcc6-45835148d5cd"",""revision"":""main@sha1:74a16c4ecc0bfdc744afab932786ea6d24c2f592""}",/var/log/pods/flux-system_kustomize-controller-5f58d55f76-f9k8v_e10f666b-9971-42bb-a8ec-788fa095e4c8/manager/0.log,stderr,F,2025-05-30T06:32:40.108258247Z,0gnJwxdLN7Yqw0GxAeMzWxiy3g5,manager,0,flux-system,kustomize-controller-5f58d55f76-f9k8v,e10f666b-9971-42bb-a8ec-788fa095e4c8,,,0,,,0,